-0.060950636941;0.0897601703787;-0.00424679724751;0.0439219705788;0.111879944045;0.0269735953245;0.117713362467;0.0707238635974;0.117741885114;-0.0750612054892;-0.0546647283978;-0.0874009898241;0.0413070101302;-0.026857732622;0.0870134771141;0.0567732672186;-0.000321012504227;0.185407674357;0.0687486906475;0.00894839386074;-0.0872467804009;0.0966661244398;0.0851912267762;-0.113190673907;-0.0381116115716;0.0161144832908;-0.114327555075;-0.0162824189894;0.111050462151;-0.127692197498;0.041057730068;0.168049746593;-0.0399853903215;-0.0304342405583;0.0254364144869;0.039832984889;0.0488285696584;-0.108767342591;-0.0820781582805;-0.00489192739323;-0.0130104349336;0.0812840826041;-0.0382153436017;-0.0265061285607;0.145288531484;-0.00505030797957;-0.0835503459033;0.00942755417852;-0.0293678561574;0.0440565977836;0.0198521900494;-0.0149539339599;-0.0314498534063;-0.0368455648204;0.134857217287;0.168187657444;0.0060901245093;0.0552261130947;0.022260343002;-0.0785955153677
-0.0379581869375;-0.0815987066514;-0.155804269626;-0.0728629021426;0.0337508305245;0.103903579107;-0.0292643053646;-0.0312509038996;0.0554380718834;0.153595075039;-0.0876021054508;-0.0829103385429;-0.027774011158;0.0540265745971;-0.0863281460545;0.00184659060505;-0.047326433482;0.0321105993907;-0.0514521190424;-0.0502135281502;0.0743183889664;-0.0958236987505;-0.0734751207724;0.0919218555194;0.0919283988538;0.0210862788373;-0.201435404449;0.0470421530162;0.0317910187066;-0.0340621102452;-0.159763446482;0.0471695247357;0.130729564983;0.032905359828;0.0972076124893;-0.0496230956881;-0.0078573383912;-0.0735069316205;-0.060792914246;-0.0109881699649;-0.0966327589214;-0.0440298281883;-0.0433804360716;-0.0397630573927;-0.0147742243691;0.00879219164154;-0.0954401058099;0.0107863206553;-0.130375528322;0.0242018968303;0.0329750345886;-0.204051871033;-0.0277139905552;0.0771996945681;0.000850976018669;-0.0451411883902;-0.0603788389512;0.0113128824841;0.0236789390098;0.10710385304
0.0108524233031;0.0843707147732;0.0324962566893;-0.059769089575;-0.0821206179182;-0.0482697828626;0.0360089689837;-0.0702206337062;0.0710923553526;-0.121874892448;-0.0162946446075;-0.0702979236891;0.0239814904293;0.00807493818978;-0.00787236176931;-0.0870483659092;-0.0778153297419;-0.0499995157877;0.0878266611124;-0.0488755686465;0.037764392598;0.0751083333341;-0.0659008536321;-0.0508704084534;-0.192212641733;-0.0344628527939;0.0664069086391;-0.0752654276253;0.0271231656875;0.0656680265076;0.0305872642788;-0.0305014847616;0.0235129382218;-0.0522077207301;-0.0307576392593;0.19407035198;-0.0353413968107;-0.0498843963308;0.00571015619209;0.0180281578468;0.0657366601937;-0.0660259064086;-0.0902100084927;-0.0787535694384;0.0590473232429;0.0883086704363;-0.0628759266149;-0.0381401907153;-0.00544054900792;-0.083187945632;-0.0472642170408;0.0819775435534;-0.0997013953961;0.0320443638661;0.105251933019;-0.0869166281444;0.0929119783233;0.00321958930465;-0.0465037177384;0.0518368737025
0.0110724142448;-0.0648741015166;-0.045833366063;-0.0805500870756;-0.0486025434945;0.0119480138727;0.048823638855;-0.0211658752258;0.0270832934254;-0.0461845664923;0.0265196065572;-0.0261622330653;0.112204734543;0.0307769295572;-0.153011197383;-0.0466305445544;-0.0244485624206;0.0636562752968;-0.025066842377;0.0546459559884;0.0685851849674;-0.0530793045005;-0.036201902771;0.0369064949313;-0.0572553944822;0.281645231455;0.0194112283055;-0.117383829503;-0.111961620897;0.00348691494279;-0.032462261883;-0.148591698638;-0.152473394807;-0.00665983549155;-0.0499357198522;0.0371861553806;-0.0336541565026;0.0681824597856;-0.116680641325;0.066950921412;-0.0908302065786;-0.0587163992428;0.0995956845818;-0.16372786537;0.00252393956474;-0.0310599206604;0.104407962642;-0.135362589809;0.0483190636317;0.05950385751;0.0268188790585;-0.0063918786674;-0.0126157160331;-0.132395836142;-0.0813185454859;-0.162583324659;0.0598675184967;0.0645592051523;-0.103102585519;0.139076244093
-0.0110824325872;-0.157181704637;-0.0589473740529;0.0385404999473;-0.0109504436399;-0.0678682131294;0.0443705324731;-0.0188439235239;-0.0389440244;-0.114209573031;0.0304752935825;0.0511468636367;-0.0804931526987;-0.0173120993709;-0.0373529172936;-0.0209762505966;-0.0781516333616;0.150279375462;-0.000126009893668;0.0588904304604;-0.0196898625969;0.171286736616;0.0272927653327;-0.12010056893;0.109011004726;-0.00048836698604;-0.108091081812;-0.012838629188;-0.0705009729348;0.0524595640746;0.048602713817;-0.129678830009;0.042396782115;0.0781345501915;-0.212513927147;0.109070873243;0.0351007010399;0.0505112113348;0.139810087471;0.0109109534511;-0.0864868724634;0.043797382045;0.00120344805857;0.0321821586531;-0.183106346407;-0.0355815072089;0.215905365045;0.0191306846236;0.094244055722;0.0435373910878;-0.00837423790565;0.0555502521093;0.0606508369071;-0.036668049186;-0.0442454459468;0.0505153838998;-0.0777582520881;-0.0794180651468;0.103948987263;0.132242220472
-0.0182190343668;0.152581158335;0.0694757829235;0.0395195761972;-0.039651993961;0.0490876531196;-0.0369800877053;-0.00520840465626;-0.0529871726427;0.107912539352;0.0203155860469;0.0156515422148;0.0514845957427;0.196696203842;0.0970588505037;-0.0966412606082;-0.00908507521241;0.018391593655;-0.0282793996055;-0.0681593600582;0.133438978827;0.0630655650746;0.083768011688;0.0102504343867;0.0457573493954;0.0397789698441;0.0343564835518;-0.00812732906507;-0.0813449839824;-0.0539129969132;-0.0014999438017;-0.0598532608134;0.038982851087;-0.0667105618782;0.0714010033798;-0.115296212773;0.0415819899121;0.117537290977;0.0538133178534;-0.0543204227495;0.118524085233;-0.00679847117117;0.0196286542936;-0.000516158960559;-0.146434348806;0.0481931252615;0.0323774929293;0.0701201509526;-0.0881278535427;0.0533774048636;-0.0675766043041;-0.0844859092334;-0.0837808507114;0.0220802813234;-0.0114513217599;0.129273244247;0.0747338245416;0.10160964529;-0.0194548922059;-0.122481130132
-0.125406407031;-0.0635910858018;0.105325217555;0.0905729662957;-0.138034853898;0.0543174737325;0.0443783006211;-0.0807103851511;0.00472028598518;-0.0731657884917;0.000497501261878;-0.00362728941645;-0.0176685944002;0.000729033787573;-0.0725899358787;-0.0277077835207;-0.250318887272;0.0246749644229;0.0578443556056;-0.123364820641;-0.00790864420452;0.0489234382803;-0.0689983482069;-0.0223844694975;0.024551261011;0.0644669941912;-0.136245928381;0.00565476422503;0.0467956483428;-0.118663492153;0.0110610806394;0.0957914325086;-0.0125257328621;-0.0211522933119;0.10517785507;-0.0427214208924;-0.03740726079;0.087545294013;0.176547263759;-0.0697378245614;-0.0402405481212;0.0571503339695;0.125151568092;0.0311138610542;-0.0388389447234;0.063382864022;-0.175195651991;-0.00462153752384;0.0804007001478;0.111623210264;0.0651358421166;-0.131879557199;0.0769781258224;-0.0567549669341;-0.0753534417745;0.0889771930061;-0.178180680356;0.169603514223;0.0855038693509;0.113342347894
-0.0125471255487;0.0595622324753;0.0499718996278;0.0198833516995;-0.123192461214;0.0354063204192;0.0209928375213;0.0765845880989;0.033615722239;0.0223482342893;0.0148862703875;-0.120501920275;-0.151562046492;-0.00945855985756;-0.0567426696398;0.0395914446405;-0.100564579661;-0.0454964162057;0.0588471260145;0.00110253073638;-0.0716773950442;0.0453419581335;0.0223229056446;-0.0858904153959;-0.0540639501667;0.0160297582216;-0.0146029626135;-0.0213406067554;-0.044312293172;-0.219441356554;0.0396193411378;0.0259682869307;-0.0103747996192;-0.146309170494;-0.0337512029774;-0.00241943881497;-0.0178762401408;-0.00815473876606;-0.183600473497;0.0468214306113;0.0448316829368;0.0506319808235;0.101811393128;0.0150438631057;0.106698921465;-0.102286408007;0.0516782877339;-0.0213562790589;0.110558340424;-0.0436895805126;-0.0474095588614;-0.0544393991214;0.035938783451;-0.068081411235;0.0669133241795;0.0555003445772;0.000567555799917;0.00710266603995;-0.0564499373434;0.145920430187
0.0577223989057;-0.0612107978197;0.0756333992936;-0.0839497121484;0.021662834486;0.0206790359102;-0.0226336589237;-0.0539608652654;0.0183108797412;0.0510513039096;0.0202470495618;0.0417505790116;-0.126502475216;-0.0204613542899;-0.0728618312323;0.034811560951;-0.105390768997;-0.0618539857432;-0.0618341855312;-0.0314721947833;-0.0435442946809;-0.0240567282137;0.043318199715;-0.120958235787;0.0866556702478;-0.0484100588206;-0.0557904470928;0.0178707152074;-0.0536766708007;-0.0498117798418;-0.000177455236712;-0.101006921706;0.0767976735755;-0.120594170074;-0.0625341569752;0.0666470695392;0.0952359458683;0.0299786105541;-0.158640033227;-0.064170483362;-0.0470440585654;-0.0840279927532;-0.0596258813051;0.0190588375779;0.0452661871117;0.00446068916707;-0.091382216296;-0.000111229715104;-0.0105815330533;0.0378281947338;-0.0879460664913;-0.0391476133673;-0.0674004053046;-0.0958480159125;0.0486797243834;-0.0546959007557;0.0741600918484;0.0659144574715;-0.0215187137916;-0.0331996671176
-0.0391906435695;-0.0384499843423;-0.00173495680761;0.0707215898246;-0.0516820788937;0.105893833491;0.030856572719;0.0189675114242;-0.10036179971;-0.103746941446;-0.0220316711089;-0.0179267193649;-0.1013172401;0.140967865459;-0.0110128867592;-0.0534695116977;0.0480224813305;-0.082388686927;-0.201302569235;-0.0315833980816;-0.0561888415645;-0.0030990181234;-0.00139372703609;-0.100515155555;-0.0388302429603;0.0718850071032;0.089852728169;-0.021090085687;0.0111514604461;0.0196461293397;0.0210902738383;0.192176686313;0.125298288339;-0.0581009889701;-0.0350055387238;0.0995487329106;0.0257079365432;0.0584652552035;0.0873733387396;-0.0488655955013;-0.121449368261;-0.0998104147703;-0.0341537073244;0.0301573569911;-0.0317498018699;0.165147818259;-0.120868559706;-0.0342088215614;0.105360887516;0.17492484592;-0.0484928184507;0.0111217334802;0.058966452862;-0.170931230175;0.030167781936;0.0101699305195;-0.0483283219478;0.0676367981521;0.0189333626439;-0.019282429131
0.114991648158;-0.0880810666338;0.106511309159;-0.202559700643;0.0723039694873;0.000405415495677;0.0137638267225;0.0155609433817;0.0877591587977;-0.0795950977484;-0.0245935919324;-0.0431182201093;0.0480286315373;0.00994077397334;0.00924448267929;-0.00249265415285;-0.123160880733;-0.0289816507697;-0.0131758284073;0.0059369848299;0.211961288156;0.0691836308444;0.0992490300127;-0.00164842669978;0.0991019448391;0.154715266071;-0.0543774373866;-0.0564223488301;-0.115230856895;-0.107552265307;0.139570592756;-0.134722245267;-0.0159929471183;0.0595600389809;0.00834959473468;0.0287507777023;-0.0237279495416;0.0672432803555;-0.084070802157;-0.00986157994957;-0.0196978411795;-0.134269124076;-0.038943209791;-0.0176503575683;0.134102353874;-0.0500314458263;0.104395275513;-0.068137985728;0.154375457637;-0.0126920024975;0.111566811914;0.227769301917;0.0835594177375;0.111955430453;-0.116411352625;0.0448131670268;0.0483349306517;-0.0243616236677;0.0347142979875;-0.0475537974409
-0.0315631284984;-0.140529276648;-0.121406983299;0.0503131279044;-0.0682600957907;0.0552882248581;0.140497116578;0.0900549365263;-0.0469254280906;-0.0335253844426;-0.0639619359784;-0.0183370116177;0.14864383458;0.143165996626;-0.0574637461323;-0.146534722836;0.098728725231;-0.199631562379;0.0227235872944;-0.200252018755;0.0427421346179;0.0195395991674;-0.0449419497356;-0.0586199329582;0.0745687363995;0.0413602774863;-0.0101537941793;0.181480062682;-0.0153147091535;-0.0486068995645;0.116929263663;0.232798019233;-0.0610580512968;-0.0210162207096;-0.046633112176;0.0304408124785;0.0460764153916;-0.0764602093303;0.0132675477078;-0.0577239432787;-0.00240269131748;-0.0028788710174;0.0539838961349;-0.0227437190476;0.0235263956842;-0.134513739089;-0.0425632664848;-0.0470599954351;0.0344954209365;-0.0664287698527;-0.0161990691123;0.0662317141389;0.0371358480835;-0.063320875457;-0.0360492515367;-0.0309447992678;0.00475729339914;-0.0349523964975;-0.0649059309023;0.0505103854593
-0.12431470496;0.0608149813542;0.0806619222707;0.07344595478;-0.111143213692;-0.0123378791335;0.0719130403187;0.0203996281431;0.0268721393356;0.0157185503918;0.0693701107499;-0.00646122453189;-0.130519673182;0.0249924007552;0.182431498179;0.0693906033492;0.0497853718959;0.165094505888;-0.053996278632;-0.074814993853;-0.0321417033556;0.0415227045097;0.152014386674;0.0888813061561;-0.00596639758115;0.123771290894;0.0363495519821;0.0316589810959;-0.00912958687173;-0.0685174472543;-0.0124259947276;-0.0721029227955;-0.160578167621;-0.0613996594176;0.115127553934;-0.0176520163511;-0.107462738351;0.0198117822637;0.196070458531;-0.00717775090047;0.208429372531;0.0488461446208;-0.163521901501;0.0338134216445;0.179512634445;0.0488944353289;-0.0901147211899;0.0405550830352;0.114057153682;-0.122293062531;0.0159214636246;0.0382153772335;0.0960152670209;-0.0227752651652;-0.0584375365452;0.0609328124705;0.0372596978728;0.00536271905584;-0.0324836826658;0.0655180265451
-0.0335524896025;0.189077546288;-0.021176037231;0.112558643145;0.095085511174;0.0427265495802;-0.00418211390832;0.0979122603819;0.0162056067928;-0.0658073280922;0.0159850572139;0.041247699632;-0.135723328315;0.0970424650716;-0.148247571647;0.0257691911219;-0.00279718935754;-0.13616444605;-0.0149322512773;-0.0821024422777;0.0339607710969;-0.0504254414296;0.0221422808462;0.0312067897323;0.0924939167029;-0.0693119959435;0.142325302428;-0.165908782588;-0.0901518045487;-0.0369738690894;-0.137445905566;-0.144566498703;0.0254491748206;-0.144430230658;-0.0655304288618;0.065035110988;0.0933649618693;-0.030241112899;0.0570830272482;0.0628445939445;0.0437165205999;-0.0237862196495;-0.0806554615739;-0.117991509208;0.113920935515;0.0409016878966;-0.0128284276393;-0.00702738416831;0.0622794263485;0.0728086845729;-0.00759855443284;-0.0887554207004;0.062583290643;-0.0349344832232;-0.122759612662;0.108493683958;0.151370568387;0.0268587008429;-0.00479603912905;-0.0133178776568
-0.0294378212586;-0.0363018945192;-0.0702954792059;-0.0712760282794;-0.0487859452694;-0.0156224180316;0.00490801660093;0.0341207255494;-0.0883819301783;0.0454143923419;-0.08312050684;-0.0847685514518;0.0319092295535;-0.148235842782;-0.0129042161226;-0.164485332674;-0.0501301212226;0.0473732035145;0.0642837905945;-0.0936185174285;-0.0929988576147;0.122417332281;0.0295697424015;0.108650826457;-0.134847004112;0.114727667133;0.0299014357272;-0.104026338123;0.00289900437564;0.117840362135;0.0455509563591;-0.0993676106125;-0.130155517699;0.0940652353503;-0.027503182697;-0.0689667587603;-0.042314058988;-0.061404736319;-0.123733481779;-0.0243299698817;0.0187733833067;-0.125479905275;0.0820961692457;-0.0703577595888;0.0202103899551;0.0655232347852;0.0667513986528;0.117627002161;-0.146745112193;-0.168469249372;-0.135029786864;-0.0519291922957;0.0302570771892;-0.100168131659;-0.0916711346735;-0.0463906617771;-0.0554175520438;0.171798365379;-0.090599792296;0.134644565956
0.178891135968;0.00928453724414;-0.0209085326126;-0.0102873031858;-0.0580803137342;-0.0682134109844;-0.107320989986;0.0257093737817;0.0658932793871;-0.0623113492236;0.0700513291308;-0.0317271286213;-0.0678441015401;-0.00346980236404;-0.0222521333376;0.160017570705;0.0978138911951;0.114549580005;0.0796589385749;-0.101808396908;-0.0564066052773;-0.0135400562985;0.147162347171;-0.0907131821723;0.0721152806602;-0.166026594986;-0.0230128863749;-0.0271929380545;0.0845994952831;0.0832437732384;0.00974637570935;0.0470479891554;-0.10095246117;-0.142761862056;0.0961865124774;0.226815095806;0.100140804127;-0.0241667221748;0.0274281095729;-0.162737815505;-0.00553625322999;-0.0364115903493;0.100247498777;0.0274556350918;0.0770180460346;-0.109658164682;-0.0235571132522;-0.0568784516817;0.0614682295918;0.0119304286447;-0.000420181372031;-0.155079257827;0.145654577014;-0.0217260002299;0.023393345938;0.212928328728;0.135864281436;0.0249297301236;0.0534697703087;-0.140323678504
-0.0599516308909;0.0354147292763;-0.0418490098187;-0.0283491180129;-0.120636274255;-0.0399223349645;-0.0611651317063;-0.0440428168164;0.148128447362;-0.0204016246981;-0.00238562488537;0.0772887440826;-0.0203594782702;0.0638057973836;-0.16442423515;-0.0586027179414;0.0553145306232;-0.0698765693252;0.0217545656144;-0.0393244675965;0.0570151006375;0.0890637896004;-0.0260463601381;-0.0697623980751;-0.0563829251738;0.00922781905193;-0.0236891187671;-0.139930037121;0.0842510059551;0.0967828709377;-0.00102213636159;0.0114607539745;0.013694189574;-0.0840466746517;-0.0104456682895;0.028260653598;-0.0303637898256;-0.12340001216;-0.104197649651;-0.0439621529468;-0.0727312681392;-0.0551803679453;-0.169933024506;-0.0351614055214;-0.0459076902472;-0.0214067509852;-0.113846668614;0.0266990761005;0.00284338235298;0.0773970182353;-0.053600117496;0.0406295671024;0.0160126176318;-0.0478178709831;-0.0210671748313;-0.0818287382439;-0.0282402324969;-0.0200315526066;-0.00878802604645;0.0489383473551
0.0441230072171;-0.0610372306815;0.0256442804612;-0.184079967816;-0.0929730492919;0.141795238688;0.0626454228829;-0.00805748078572;0.198062212929;-0.0731997477367;-0.0139449630998;-0.0823265038887;0.0190912156648;-0.0803257068985;-0.156329539119;-0.0899956646224;-0.0778029508392;0.0560677062902;0.0482836802525;0.0655304447394;0.00977421021961;-0.0624615179465;0.149190653132;-0.0925315981858;-0.00205485537607;-0.0664092278543;-0.0221835933218;-0.023280476544;-0.0899543866763;0.0675357698354;-0.0123394226194;0.089005516572;0.109201462646;0.0537748502862;0.0183482780893;0.033063330121;-0.0364414557877;0.0436988305433;-0.205826085808;-0.0995555934365;0.0698549648886;-0.156536807326;-0.00392592245376;0.0553276228884;-0.0176974574737;-0.0813130292186;0.0617157459836;0.172124454718;0.0914337562533;-0.149852879306;0.116483927677;-0.0430306238216;0.118448737098;0.00271310189099;0.0772559118407;0.116987683825;-0.0719854399513;0.118816292489;-0.0113497666758;0.0145222405984
-0.0169177184033;0.0207152076469;-0.117885905515;-0.0129926007932;0.0686637527581;-0.108901604532;0.120568768922;0.0507446151303;-0.125410363196;0.00706378898653;0.0421173432275;0.00493783309123;0.0195797611514;0.066296557111;-0.0184730509909;0.0706309121812;-0.0320481176675;-0.071265746961;0.0603642601928;-0.0313626152193;-0.0327777498692;0.0584209452133;-0.161330111725;0.00879836032805;-0.00499130639521;0.00145788077305;0.0620715786322;0.0317918968049;0.0271033377048;-0.128281620742;-0.0417347705261;0.033974641198;-0.00748088032259;0.0124170913404;-0.0632431144643;0.134224326925;0.0226400687838;0.0756899297593;0.0373998679007;-0.0622085400563;-0.0230435397968;-0.108130988537;0.0125150182045;0.112613751538;0.0448442620393;-0.114809414973;0.0768989376121;0.106897895117;0.00190942663729;-0.15662177839;-0.188488302982;-0.044946999349;-0.12838152476;0.037661792446;0.139092871399;0.117290573366;0.0914856624566;0.0968874991503;0.0778654806943;-0.0259436184252
-0.064166366916;0.119579763266;0.154656467635;-0.17893320973;0.10451956331;0.0490863830092;-0.0547755541204;0.128586269964;-0.0625727506152;-0.0269312181065;-0.00587837911597;0.0908031776981;-0.0391592464731;0.0322816464208;-0.052306939924;0.00129147118858;0.138870944834;0.0963142030617;-0.00754185688315;0.00257472684316;-0.0960888408065;0.120005253602;0.0202632687409;0.158165254428;0.0677061033828;0.0270028143222;-0.0143018022177;-0.123929599341;0.0856931686551;0.0739923591064;-0.0398918009943;0.0359872659479;0.0137751326302;-0.0402367910397;-0.0622413261671;-0.0956871948859;-0.0882608765315;0.0849517471243;0.106431594319;0.0351017532909;0.0830944202431;0.0409884731587;-0.00646701930793;0.0488996097749;0.00240459465307;-0.0118077036401;0.0568080809214;-0.0917513514084;0.132626877488;0.0625988908157;-0.0144017650276;0.0553172722545;-0.0861102251932;-0.118781503036;-0.0488680561074;0.030061890376;-0.0570006808509;-0.0971155057692;0.187073528114;0.0784158642613
-0.074018323286;0.00206672310811;0.0857978590934;0.00986022371144;-0.0871780314712;0.20003634769;0.146189167216;-0.106848076528;0.0768973177247;0.0736579401467;-0.0466553985019;-0.00128041695236;-0.0445418395922;0.0480174398023;0.168066244033;0.0493317677349;-0.0223197082716;0.147635604034;0.0224908989579;-0.0475073474292;-0.0435020063939;-0.0240725621219;0.0706164489344;0.0751235680027;0.0814736589351;0.0889916527776;-0.106619827227;0.0642524611754;-0.0861646358702;0.0363800670924;0.0268061502369;-0.0337162603606;-0.0175974317189;-0.0188760808602;0.044541419459;0.030746617333;0.168292275673;0.0469328948019;0.0485678711973;0.0391365618651;0.0104563190599;0.0838073887331;-0.053452846707;0.0372968946166;-0.0438845403684;-0.00513663630022;-0.131851985735;-0.0981154552974;0.0711505076888;0.023719743461;0.0554777868915;-0.000986417740136;-0.061017132027;0.0617662357734;0.111118821953;-0.0673762517632;-0.16505798476;-0.0294883323791;-0.00339565779941;-0.153092674785
-0.0969683791137;0.0174409193011;0.107527217317;0.128400133452;-0.0248837798998;0.0624480567526;-0.0136297048419;-0.0762167889572;-0.0356701342112;0.0500763744874;-0.0910472121935;-0.066491231008;0.00377713900334;-0.0467984471207;-0.103037343344;-0.0584517042892;0.11594205086;0.0157520298707;-0.0924590706353;0.0151946704332;-0.028687725917;0.0422808857991;-0.00593419629;-0.0724087729233;-0.0214817924273;0.0225129493229;0.000211579107289;-0.0357735790691;0.0361591947771;-0.0825300204954;-0.0459909630911;-0.042804029945;-0.193478009043;0.0311048383955;-0.0699884034155;-0.00426587589276;-0.103429630162;0.0430771990332;0.00087448061279;-0.0308160343894;0.0763182348193;-0.0336601197286;-0.121769482996;0.104278719868;-0.0329293541417;-0.0850710981161;-0.0238029200037;0.0928966360753;0.0473338250597;-0.0542776934345;0.0267819181354;0.188033869789;0.0727146500502;0.0936403073635;-0.0603854032704;-0.0151481858429;0.159174832553;-0.035397729711;0.0487127178414;0.111425918999
0.0619167906103;0.0328099728916;0.0800581746806;-0.0197661712856;-0.0821844819478;0.0121031833786;0.0212985551716;-0.0381971065301;-0.00286784799264;-0.0856186467266;0.0467839359508;0.114075307255;-0.154612524832;-0.0834093738525;-0.0293170811204;-0.0598920018879;0.0102655872669;0.134089250376;0.0377223277521;0.128773774926;0.00577954762109;0.0372564794068;-0.0226149123933;-0.00119810702082;-0.102306568182;0.108250952923;-0.0604825386472;-0.0616084828684;0.0195469362251;-0.057033249202;0.0502793831587;0.0671470213521;0.0270819652237;-0.132382499756;0.00301997755541;0.00997767537797;0.0219144370783;0.0100521002042;-0.086900223932;-0.0530959539721;0.0562999653032;0.0155169592038;-0.0658816810395;0.0519232414115;0.0790600328066;0.0975206866732;-0.0130003317265;0.201355295699;-0.139129118894;0.0300298573277;-0.011706202458;0.0106656175261;-0.0050365420793;-0.0362734877219;0.050710112699;-0.0122646865304;-0.0136222093949;-0.00857305631336;-0.0438619367543;0.017495772339
0.100921771858;0.0358967039024;0.0287890545639;0.144090428142;-0.0711614299032;0.0240070897314;-0.0203678622968;0.0370823808792;0.056240410041;0.135932438678;-0.0363788889387;0.0909976993139;-0.0229856699121;0.0881414509056;-0.0724573269703;0.131229442335;0.131797226503;0.182092655984;0.127453996246;0.0232736923083;-0.0542512944502;0.0771959020255;0.0576461037018;-0.157573206611;-0.123661318464;0.0457645819277;0.0212114804328;-0.108037190527;-0.085662683453;-0.0416504783436;0.0628328824397;0.0864533650461;0.0677140363268;0.0142714362982;0.0216794411082;-0.0121317189428;0.173011852983;-0.0820487874346;0.0375694076033;0.0667461268002;0.0569427949963;-0.191697736179;-0.0166859815004;0.00692034642407;-0.071978245251;-0.0437672320952;-0.031787935556;0.0604809220643;-0.0700250086212;0.0152401087199;-0.112877799053;0.176986296838;-0.123270219474;0.00193288320398;-0.0556215330202;-0.0850062212886;0.0430283967502;0.113739623821;-0.0750064336679;-0.0117982571654
-0.0395344722419;0.0168045539274;-0.211782618381;0.0294301803044;-0.0367967569015;0.00925265828533;-0.0481474421961;-0.13865522655;0.0684862499359;0.0135981336661;-0.0867820479816;-0.059448207701;-0.0264850742951;-0.153726084924;-0.0216676071124;0.00642646555358;0.00953093979413;-0.0264646187128;-0.16430888915;-0.077421245716;-0.128200131258;-0.0580682181287;-4.62972914546e-05;0.265641047953;0.00884476998468;-0.00203282965118;-0.0670451680822;-0.0464941758208;0.0827963333454;-0.0582442287096;-0.00475577897429;0.0254669624627;-0.0911574390184;0.174888466161;-0.0530101181331;0.017125880344;0.0857422406749;-0.058089228854;-0.207106288544;0.0326112969029;0.036673408896;0.0208093316667;0.0996729321652;0.00560837188884;0.157484944657;0.143329040417;0.0266016316988;0.0912581648424;-0.0084613924311;0.0738095331976;0.113179516974;-0.0957400906043;0.0301565986623;-0.172178627458;-0.128085498922;-0.114157593192;0.0511584561994;-0.0876809287285;0.141178265961;-0.0343712555876
-0.047301446155;-0.118828242066;0.00757525018026;-0.0427039696173;-0.0121055480138;0.0434355018594;-0.00662378111968;-0.0601536814943;-0.0978446776249;0.00471739524508;0.140002032459;0.0930767096863;0.0154812389468;-0.0429882546199;0.0698740114802;0.00433900936372;-0.0362866169804;-0.0394495371877;-0.0598576866732;-0.0899263156615;-0.00621191438176;-0.0415939843871;0.00926972536683;-0.0187576261689;-0.103704010794;0.0202715156254;0.137870971706;-0.103240998676;0.032650395961;-0.0638059931144;0.023218114503;0.212656084501;0.0883159289282;-0.0464664995913;-0.0611954513546;-0.0391037858471;0.0381947929741;-0.0360183586695;-0.0772790810034;0.0333437463561;-0.181413494326;-0.0507096783242;0.120251438811;-0.0358394927777;-0.0105153366998;-0.085468589442;-0.0752998410978;-0.110641286596;-0.0789165926843;-0.111512315689;-0.231135814104;-0.0197782674673;-0.0855327926837;0.076688616165;0.0374337228159;0.0490328112351;0.0902561099723;0.10112031394;-0.0297231510361;0.13399608615
0.166059570018;0.013955855215;-0.100005935657;-0.0292221982089;0.00556319921311;-0.0271984748979;-0.0855091168904;0.120378798675;-0.0113335002664;-0.0340762707288;0.0460370899985;-0.0862044063088;0.173203398732;0.0257632472886;0.0155766971698;-0.147573987386;-0.0335723903072;0.0590914435643;-0.0131058163698;-0.022912655199;-0.013473005379;0.037671976613;-0.157465778911;0.164833587696;0.114365786136;0.0898251538316;-0.164648652211;0.0187849381135;0.137516364988;-0.0245352936942;-0.0688211001335;-0.155951969981;-0.0612434145559;0.041309264512;-0.156107989619;-0.101150979345;0.0422808152458;-0.113195848457;0.0298504514589;0.0135132884446;0.0499941347843;-0.0535673140378;0.0168919369893;-0.0799336095117;0.117955893798;-0.0266489050455;0.149370732301;-0.0736599943375;0.00806546130226;0.136142741644;0.0570300599813;0.0397895236766;-0.0241264172917;-0.0181283294477;-0.0748556663968;0.00616228171062;0.0643706105939;0.0874726161659;0.065649329805;-0.10283123243
0.0901744327911;0.0361943159575;-0.00946509331911;-0.0260343146982;-0.185187142853;-0.0563504768901;0.0576844502225;0.132204024885;0.00675779671701;-0.0834048631074;-0.0276750946379;0.00851307288916;-0.0868149268542;0.00503704835241;0.023415382188;0.0509487737085;-0.0293717136883;-0.101011967834;-0.0261894923436;-0.0520910006131;-0.0150736080103;-0.0460820692457;-0.00465713494453;-0.0241845070568;0.0704718415659;-0.0124717020745;-0.0771764468931;0.127482942137;0.0457936871531;0.000437960803622;-0.0457336314781;-0.179231896553;0.0302630103598;0.0472995275367;-0.0670397495076;0.0260734306359;-0.0739936990545;-0.00667504176685;0.0426021705847;-0.0436203945138;-0.0578796454464;0.0611418879287;-0.0422821400008;-0.134041634805;-0.14463414168;-0.0169999912948;0.143175952388;0.00150934637076;0.0612682717457;0.091541575124;0.0281127632255;0.105402594763;-0.145677069736;-0.0118860603446;0.0878515456574;0.0234311066108;0.0873891421134;0.0990690115025;0.0214073138315;-0.0812387553651
-0.068287422803;0.00354216672872;0.186639253765;0.0189332098005;-0.175466926741;0.0115530838905;-0.00919502655676;0.00923579284112;0.0498646767039;-0.290378587388;0.205221418698;0.0723896285914;0.06958826453;0.0466228348426;-0.0916570849226;-0.0440194152207;0.182039556784;0.0530925042029;0.0436830969565;-0.00615786734844;-0.00505815313106;0.0239962885412;0.0979595687235;0.134436858792;0.118476621775;-0.0798344317005;-0.0337900817765;-0.00581243806573;-0.066403362614;0.0593050226471;-0.065546958711;0.190101526753;0.025734958456;0.00259002643775;-0.0766838460605;-0.0123543879644;0.109745745749;-0.147152084443;-0.0154648126763;0.111663432351;-0.240618223156;0.0109856707765;-0.0694390922943;0.0732127643139;-0.0832746209048;-0.128591571035;-0.0209646224279;0.126028496926;-0.0259740774572;0.0253371411887;0.0361827505646;-0.0823731612814;-0.0236699153081;-0.0196129668097;0.0168034636453;-0.0039101187551;-0.030510988413;-0.149842543266;0.170979182836;0.0264298982468
-0.018980096306;0.0924781980241;0.135334527189;0.0229035395826;0.0352179710546;-0.0969686404509;0.0215165981047;0.0360883820958;-0.0514861406601;0.0628555479875;-0.0858884083433;0.152581152599;-0.116104145118;0.0758576802121;-0.0581866477747;0.0801056104726;0.107099525933;-0.125196081934;0.0122179144961;0.0145255250994;-0.111802443754;-0.0469496678721;0.107759906768;-0.120756036405;-0.0596949043708;-0.124845839825;-0.0764797741263;0.0374794123115;0.0887006235538;-0.10937526929;0.0502308060024;0.0548270643517;-0.152172416617;0.0352998123752;-0.098760205588;-0.113121828187;-0.0914721345275;-0.0720693102376;-0.0359652206213;0.0246778964628;0.0933596475694;-0.134350161841;0.126462674211;-0.0769372389668;-0.165123645574;0.0439144324585;0.0351402937958;0.0952577730881;0.0604461552707;0.0771024670899;-0.0895561551814;-0.0219136202702;-0.0521513707012;0.0297107988138;-0.0261862586377;0.114746149437;0.0494119951634;0.0614374489505;-0.0450196360389;-0.0775022357746
-0.0269832629425;-0.0431570120089;-0.189659557274;-0.0998751719037;0.0477899223547;0.0406824707401;0.0336673212341;-0.0166868825108;-0.0534087450032;-0.00932467014507;-0.0600547804422;0.0273959651207;0.00272183620846;0.0262346047299;0.0232940974409;-0.0981861741496;-0.0532459143034;-0.0621056842244;-0.0449403149951;0.0909901418301;-0.0255509766246;-0.0354117980022;0.0615854683497;0.140125096516;0.0621922264328;0.0890016623433;-0.0227922897892;-0.000964892529225;0.00582708627708;0.0628485749561;0.00585323193914;-0.0182395085985;-0.0892831833528;-0.0855773914973;-0.0154354987952;-0.0200262798979;0.0571322533844;-0.0502134299562;0.0755390768656;0.0050390884259;-0.110983765183;-0.083028398826;-0.0120284741764;0.00160700061618;-0.093263653282;0.0805524000115;0.0573563720373;0.0533135390406;0.0273986737465;0.0748290739795;0.0658202020377;-0.161538219461;-0.0553227843436;0.131399697436;-0.0969676054185;0.0346868373731;0.0388677534568;0.00634620575505;0.0533237008989;0.234973773471
-0.147303009836;-0.0611878232988;0.139444855933;0.100106895397;-0.0395973781736;0.115177997042;-0.0541182899257;-0.0655060618968;-0.00391490408411;-0.0252219680803;0.0108757376808;-0.0416822366859;-0.0842552037515;-0.0433784422994;0.0841094476855;-0.04196486646;-0.0952924559298;0.0628691912136;-0.00320372500616;0.177945359117;0.149125042643;-0.0636634197755;-0.160485897954;-0.132564353497;-0.00870174074222;-0.0668457317037;0.10375480335;-0.0922317776566;-0.0529692596498;0.0108960328727;0.116481668613;-0.0661122412189;0.0457553813669;0.00506365508214;0.02454223175;-0.042826273309;-0.0109845303914;0.0186309189712;-0.0215950136932;-0.116944381831;0.0131362419843;-0.00833280857428;0.0531990863978;-0.0326771084093;0.121166153544;-0.14930235011;-0.142195288378;-0.0565290933631;-0.0289154134039;0.078451301641;0.00868055465163;0.0507895507835;0.00591378298491;-0.0732339589597;0.183183140888;0.075567185266;-0.0406932053588;0.00221559605533;-0.0135692917491;0.0296304813489
0.0711402412859;0.0222187058798;-0.0218170905154;0.0477141284621;0.017181419581;-0.012941780228;0.00552521031689;-0.0192061162913;-0.00844433024209;0.0241800858026;-0.0726029398863;0.163539085972;0.065169609923;0.0400449324464;0.068934365094;-0.0414652636893;0.121830585795;-0.214564102935;-0.00807778852262;-0.0643640724226;-0.122261655699;0.0973807902862;0.0792502055367;0.00473575642268;0.14293028848;0.173478579955;-0.0614259132084;0.0326293976609;0.0350024874401;-0.0896525466649;-0.0797839053068;0.0296145112287;-0.167414168912;-0.0567393624593;0.00287052596399;0.0282672308672;-0.0827326332193;-0.0318253500247;0.0977401927191;0.049898950939;0.0594187844349;0.0829906159882;0.0654783817154;-0.0858671825117;-0.0129172067639;-0.0223219179551;0.0634329671216;-0.0643184464138;-0.0835175678222;-0.0105765179957;-0.104763291797;-0.0426233478549;0.150741584397;-0.15138682431;0.0872594928769;-0.119326537493;-0.0795716482702;-0.0209113127026;-0.00560208296755;0.0272631180233
0.0381854176184;0.124612143044;0.133319045819;-0.0350673833857;-0.0948107547665;-0.180354742552;-0.0136988763148;-0.0809501800548;-0.0284033631231;-0.17102926558;0.090680216233;0.103301704682;0.0214149608649;0.0426430927976;-0.106457536736;0.0589679895814;0.00311532871555;-0.0607471055528;0.119776163791;-0.0619340718864;-0.0399438107314;0.0717895778391;-0.0147701458252;0.0363602958626;-0.0382297917669;-0.0924427562222;-0.0231834493218;-0.0807927378423;-0.0511284828966;-0.00986805043632;0.0382709224549;0.0884007347551;-0.0966477047573;-0.0106015695539;-0.00110775341095;0.0744768586675;0.0718511447321;0.0251123546429;-0.0961752894783;-0.0193600343261;-0.073680241003;-0.127964417835;0.0339317649265;-0.0423467568809;-0.0781186053548;0.0719924082761;-0.00204451515471;0.241371426478;0.134058890908;0.065892229371;-0.0256734032262;-0.0287664373411;0.190403049728;-0.0025214770099;-0.133523139049;0.00327504484856;0.0277552225341;0.0513536789174;-0.161110975624;0.140122115752
0.0272256929884;0.0307902695926;0.0737864542754;0.0337334462579;0.092691646549;0.0459699629887;0.137627537297;-0.0297872998288;-0.0604923353303;-0.0613397494311;0.0627326504204;0.0615386551034;-0.0490356677957;-0.0537987684341;-0.0193000637927;-0.00708949211275;-0.0051569055711;0.12471567982;-0.0556469963275;-0.00782719535753;-0.035225329141;0.0125078268591;0.0269995287213;0.0197230380307;0.0320219322376;-0.0850352698846;0.04916562338;-0.0245940535252;-0.00852550459444;-0.0271015719492;0.0765044642101;0.0799140214373;0.035562695635;-0.0540628115475;0.0537738286491;-0.0411122305037;-0.0277453551385;-0.0948081877836;-0.023646428654;0.116193832973;-0.0113711610484;-0.0268560325037;0.115874825613;-0.00967649581428;0.0452990868575;-0.114044525381;-0.121774234585;-0.147535684108;0.0176544972915;-0.135414351439;0.0597433579662;0.0937348679556;0.0114238375419;-0.0230939136181;0.0263881544327;-0.0622933673626;0.110956145711;0.0143650498252;0.0680833332853;0.0174877343195
0.124448486058;0.0583094396978;-0.00948819506346;0.0704420391136;0.0262147671273;0.00654016132275;-0.0846495506354;0.000102285950615;-0.113955094104;0.104102688423;-0.0643881984044;0.150113159223;-0.127296612461;-0.14631718257;-0.159154452621;0.0619219329191;-0.0886405935116;0.073095628045;-0.0328065227859;-0.066072354229;0.0134423862346;0.0529462881648;0.0804648460866;0.144976228864;-0.0234069300277;0.0985712205911;0.0101280308781;0.0418041284925;0.122221740992;0.0106331507993;0.0611739146898;0.103997783272;-0.137856144665;-0.060972854846;-0.112534465722;-0.167231635443;-0.028401634645;0.0864731563604;0.0645427639617;-0.0167009411136;0.0931237564162;0.115486365873;0.168716603811;0.154971202823;0.0293447927329;-0.0244057179263;0.00116539867774;0.0702863257595;-0.16534078681;-0.0113704059274;0.0929786671317;-0.048202831339;-0.0413686411938;-0.0153854478988;-0.0725656771898;-0.112907643596;-0.0321600769417;0.0135434014761;0.120787339491;0.181257400263
0.0134622214984;0.00353792279675;-0.159812987369;0.124580314136;0.00676071069896;0.016387470368;0.0733610965347;0.0336726357388;-0.00600414316023;0.0192878139782;0.085283720671;-0.103735896975;0.016518207377;0.022660064154;0.197042416136;-0.000266880978292;-0.0624878628028;0.0175571640957;0.0844898232827;-0.0800481846863;0.0665471089373;0.0487514492522;-0.124681212183;-0.169717307086;0.0726967988316;0.00227308223503;0.163995457707;-0.00734973439887;-0.15348950808;-0.0246660648091;-0.0614545599085;0.0725315683395;-0.00862665086768;-0.139486770177;-0.124831679938;-0.020283508481;0.154799320998;0.0300758998462;0.0589055158577;-0.191416304046;0.0421038217037;-0.00267789080415;0.0364024746834;-0.00536931621448;-0.214836909764;-0.0436431335289;-0.0267408781639;0.0782726611561;-0.0157155064802;0.0206616486209;-0.0734916319263;0.060218907551;0.0175116696361;0.0335428393271;0.0119679780955;0.0168297140482;0.0487341100101;0.0343373557667;-0.270444438393;-0.0602316968652
0.0661151959374;0.0834681391303;-0.0588592386279;0.0469217272995;-0.040205502501;0.024256765879;-0.0545115749537;0.0186467341677;-0.0847243484779;0.00668946121223;0.021989190822;0.0327363980413;0.0255433014134;0.129747711212;-0.0193988387055;0.0769804455717;-0.0364195287156;0.0708150934587;0.0578198668775;-0.0542180215865;0.0472797949317;0.0260371167027;-0.00957853203471;-0.0396670407163;0.0781550636542;0.00494985185244;0.0108824440388;0.0641861778563;0.0270557687457;0.0532642447087;0.0659614336774;-0.101315554342;0.0290804484354;0.100714415565;0.0479261370809;0.0759842063423;0.0778252550643;0.150145420054;-0.00930698140938;-0.00968980010611;-0.230790431171;0.0672669126702;0.109872726644;-0.00455627474327;-0.020410378958;0.0880392709287;-0.102832143407;-0.0341081564003;-0.117428049535;0.137916480851;0.0320662161667;-0.0682843804596;0.0670300286223;0.0176341910149;0.0568370702801;0.181375333282;-0.0351214141914;0.18669552165;-0.112942425247;-0.0587070082252
0.00844909177435;-0.0699965493179;-0.0434216866124;0.0906659476956;-0.0312942937358;0.0460056730653;-0.00780044884574;0.0365814456033;0.0144909568246;-0.064628195257;0.0222995887738;0.0571524792023;0.0288574410403;0.135258356035;0.0973035847442;-0.143713829309;-0.100226001467;-0.225290633964;-0.112010917697;0.00454382219778;-0.104329688522;-0.140187746211;-0.0800771708057;0.0900976272339;-0.0439049486167;-0.0139709360414;0.0612530557135;-0.072545003742;-0.0759424481641;-0.087842554641;0.0840485408144;0.0556432283539;0.0342858354561;-0.0418396646078;0.0469942666845;0.0217775069877;-0.0754202341377;0.219477204249;0.0374046758446;0.0389677167752;0.0700396183978;0.0561301829107;0.111050946903;-0.0360750456372;0.0552516407877;-0.0997375201224;0.0160505294161;0.16063230157;0.0774205925646;0.177488885057;-0.0327522677135;-0.065880711869;0.0343115102351;-0.115444205659;0.0218518849959;0.0634003778941;-0.0155028878821;0.0269887243346;-0.0488370490153;0.05469747018
0.0205642914311;0.00938284173751;-0.103822541862;-0.150315930111;-0.121136277774;0.00701782023621;-0.0195498885183;0.0797324401925;-0.0129123974259;-0.0450656774467;0.145865012584;-0.110597542648;-0.0243326552331;0.0331601065768;0.0337368390522;0.035108888842;0.0488821227585;-0.0237059403943;-0.0784359031005;0.113141197141;-0.00209807359301;0.088189627022;-0.103742760512;-0.0289857149873;0.023467377957;0.187755183155;0.0943747262171;0.0785786511311;-0.141069688606;0.086455611673;0.0042964326256;0.0147075378027;0.0613150652553;-0.0847123997987;-0.00340694137844;-0.0258411826504;-0.106874958806;-0.0348693008128;0.0434721056502;-0.0907682249754;-0.0649148551963;0.0881078967164;-0.00390233893361;0.0443366460545;0.0537978895165;0.0144993430389;0.03111943816;0.0114811676627;0.00967985153791;0.0879593125389;0.037127817827;-0.103756910083;-0.042464036892;-0.149260663126;-0.045727097545;-0.0738130782125;0.0168525261486;-0.145528726852;0.0990622799061;0.00293382486462
-0.150429790815;0.0817878968585;-0.0186178791035;-0.076961059075;-0.00910708982484;-0.156866955418;-0.053063243736;-0.0647997041133;-0.0484712319795;0.0970362696446;0.109669862348;0.179805986769;-0.0268738814045;-0.00918294300057;-0.0680344416183;-0.0237292481755;0.055115269655;-0.0734530992;0.150475469893;-0.0191480079054;0.0371065479567;-0.109294670284;0.0256440536483;0.0693288130014;-0.0317118471695;0.123041629783;-0.0317384184602;-0.135956192139;-0.109769710249;0.00179960147895;0.0209538701591;-0.0225815618697;0.0782904861411;0.0665159460547;0.114172096804;-0.0640418644001;-0.0604492537457;0.156152588414;0.0450764959034;-0.0485945465492;-0.0295690340068;0.126083799282;-0.0428945211368;0.0483720444805;-0.121576734021;-0.0109384705125;-0.0607460106418;-0.0414854203984;-0.0335460914856;0.0248064790816;-0.072589961438;-0.0163507171311;-0.0295274074158;0.0234153610136;0.0592553917322;0.187243027915;-0.08791976463;-0.0346690148908;-0.099968959338;0.025685161554
-0.0320755723016;-0.0482981036265;0.0358428461608;0.0621589005313;-0.0979264256537;0.0122334031617;0.157688525405;-0.0143895759467;-0.115820396696;-0.0885194950786;0.0503821913718;0.102153502513;0.0134943304807;0.012339171903;0.0390829445857;0.0664806546853;-0.0819248314206;0.131513321762;0.273538889166;0.0866678951902;-0.038183782353;0.0473351147953;-0.0472207629855;-0.038039568959;0.0624901994611;0.0168289985074;0.0725660634297;-0.151037415129;-0.112676633138;0.0873932013508;0.0122227305143;-0.209613580915;0.146412880787;0.0100467307844;-0.0345007417514;0.11946267845;0.121005549875;-0.0505243699244;-0.137097084013;0.0938931095695;0.0859309403647;0.0611772482134;-0.0178637218559;-0.0514962100665;-0.122438912818;-0.0592732043815;0.0800550482449;0.124466498379;-0.0292309663049;-0.10865172577;-0.132206327002;0.20521652834;0.0129350462142;-0.116294989267;0.0672175607285;0.105460373822;-0.038004560032;-0.066461943263;-0.00710168044564;0.0736931797133
0.0187076841204;-0.0987075606761;0.0100999418169;-0.0330359855209;0.000802409396732;0.0110276484965;0.0920245866467;0.0989935793468;0.221437920906;0.0211726110733;0.0370311670587;0.0490664830095;-0.00366143296666;0.182831228619;0.121868170625;-0.0582509131077;0.0570087652886;-0.00729064550486;0.13591298063;0.0419319571901;-0.120286183471;0.0635632328637;0.233654622706;-0.0218575865188;-0.171589627664;0.142730538357;-0.0447960763668;0.0974935318778;-0.00351571814146;-0.0679383870089;-0.0170384676418;-0.0850901459456;-0.0121674107941;0.0416503949299;-0.0850415992277;0.102665536138;0.156482901635;-0.0957730840963;0.0843382011387;-0.0107082030284;-0.0949245426202;-0.0154823165959;0.0108593006501;-0.0708304480788;-0.02929449049;-0.0132036127015;0.0889361653813;-0.0126513458244;0.0204807049451;0.0381225836351;0.0443815634779;-0.0401166612514;-0.10763056574;0.00923819805823;-0.0396084516479;0.0313478793691;-0.103908104874;-0.00804085976247;-0.0234884895935;0.0424378566399
0.0159283743837;0.055751823063;0.0749411631413;-0.0117626130161;-0.0178218300687;-0.0214342766007;0.09663639123;0.0816267587445;0.0413248513578;0.00627390463709;0.120517701516;-0.082296611381;-0.114513354226;-0.0276379108771;0.145422879334;0.176725329147;-9.01016395508e-05;-0.145508100883;0.00573084929053;0.063100828599;-0.12491176679;-0.0726335053924;0.136163323521;-0.0740444107111;0.0443578453602;-0.0921392042226;-0.0418285756739;-0.00922955489494;0.0499065819938;-0.00593772456501;-0.0195858633708;-0.0415044603932;0.0868772709245;-0.105038833709;0.03497191539;-0.120128268181;0.12270885209;-0.0918213590984;-0.0654047259137;-0.124028273196;0.0564705222675;0.118139019481;-0.0476925271936;0.118808305533;-0.0479760280182;0.227317808329;0.026818040806;0.0292527180413;-0.0177541862964;0.018695723444;0.105073189866;0.0896784777512;-0.0493600864865;-0.0797470588966;-0.120853488146;0.0632530665109;-0.0458052457561;-0.148844867805;-0.045253432501;0.0750913849324
-0.0875397017769;-0.00739744070408;-0.112492760762;0.0826572291576;-0.0154529673447;0.031965502693;-0.0617129121953;-0.053565461139;0.00833043677869;-0.138130669464;0.186899644363;0.156933492812;0.0327818439871;-0.0429670393043;0.0659504094545;0.10178621739;-0.0715014777011;-0.0607047632802;-0.00413605150149;-0.00520707755482;-0.0676288383982;0.0251640000712;0.0768962954272;0.082166122492;0.0260404769966;0.085830489232;-0.0381946804334;-0.0430465633067;0.00367544895339;-0.0812879550858;-0.151129598215;0.121536874583;-0.0822374985582;-0.194382479317;-0.0239948981555;-0.00436042853859;-0.0252693351417;-0.0500874629917;-0.0397764284987;-0.0113765401048;0.0419238251232;-0.00323353225924;-0.0301816366519;0.0213374723518;-0.0394247511959;-0.0751127084816;0.0300047996102;-0.096018406405;-0.0303861797411;-0.0981563266262;-0.0372633321305;0.161362861715;-0.0414321109526;0.0132173741014;0.0893623303753;-0.0452820466826;0.0889193312107;-0.0286868612151;0.0034802606561;-0.197671839558
0.0205230999495;-0.00140850602958;0.0611330660251;-0.0769283638829;-0.0859654116921;0.0402425875725;0.141975029544;-0.0790693794084;-0.0402251077307;0.133884046544;-0.0169406415775;-0.000656968929446;0.0641480376118;0.0256262024356;0.0302015675869;-0.126024358636;0.0217630956897;0.00931214299993;-0.0921115313084;-0.217375109297;0.162183781306;0.0681446386012;-0.143061828411;-0.0262928016235;-0.00241500044004;-0.068842728209;-0.03957768664;0.0895166329998;-0.00526282208293;-0.0892101515898;-0.0922921240797;-0.0125274045758;0.0802062349214;0.0269187613852;0.0217564070664;-0.0698353521048;-0.0196637629037;0.0835065180021;0.0240390993282;0.104459651437;0.0638773558656;0.00208612322179;0.00971528302844;0.184174524573;-0.0672580573336;0.13424948998;-0.00825248133184;0.0260963141118;0.0163410440256;0.0662141563476;0.0103386183487;0.19120146379;0.00861001773168;0.00238584723356;-0.00386854988028;-0.0341573805803;0.004599029058;0.0648756299017;0.0476508235322;-0.116538391176
0.0243756127191;0.0555812445276;-0.0857769991904;-0.0116514609853;-0.0369920069743;-0.123109708445;-0.13612808655;0.113178150424;0.0745619204901;0.11695778027;-0.100399204917;0.002355997028;-0.000639336982974;-0.0684265813756;-0.0804238470102;0.0857877887823;-0.0816502560444;-0.03761244396;-0.0388642633614;-0.0556022266569;0.0980439953857;0.0106933819481;-0.19632668965;0.116675556457;-0.00885151638418;-0.141760236507;-0.0922043582095;0.243349904797;-0.00759149824591;-0.152407747;0.28769920897;-0.0686530784596;-0.127398055223;-0.0969010236411;-0.0245388694775;0.0919383293225;0.0107601595798;-0.0974885510436;-0.118701080454;-0.160865098818;-0.0339199657853;0.108914426495;0.0447331255146;0.0986600968714;-0.00583851368349;-0.131544584817;-0.0469977688579;-0.0275753562883;-0.0572874909853;0.0287687873389;0.0187509710949;-0.0142014356244;-0.0804788279442;-0.00618740887413;0.12078647325;-0.0235833329824;-0.0564839143522;0.0863075263979;-0.0763404452698;0.0458135850167
-0.0363465235183;0.0574237315816;-0.0310602568537;-0.0418550058127;-0.0116331772459;-0.155668077044;0.102953910272;-0.0149946218921;0.104980544316;-0.030237520823;-0.0144892954441;0.0973661973081;0.0610537285887;0.0346729672789;0.16804551478;0.0239986310406;0.0382021856932;-0.00134544100204;-0.0622166653548;0.0957235454345;-0.0213698323667;0.0574193819815;0.00782983350332;0.0255172377186;-0.0209215061947;0.0285081549212;0.0216267221487;0.00734855450728;0.0580964468233;-0.0264999717867;0.0324773896521;-0.0412189073962;-0.0107454252688;-0.123105361612;-0.0441315730426;-0.0641555805035;0.0158731696329;0.104533753544;0.0733857656138;0.0447604620671;0.042943382379;0.172027670544;-0.00647344537352;-0.0297357786477;0.0305211129045;-0.0340662507477;0.061387141402;-0.0590675115536;-0.139665122799;0.0745513405832;-0.125505398217;-0.0928309818415;0.0855447954524;0.00370799260693;0.179927863649;0.0207604315423;-0.0191326108673;-0.034434555467;-0.0613824152341;0.094446287031
0.0174225537701;0.037501182206;0.0212963921707;-0.0660736536995;-0.020174162235;0.0613006655474;0.119688680291;0.0402941630605;0.0703355888093;0.140753600251;-0.0334579948725;-0.0457175491434;-0.0629367083762;-0.0534535579984;0.20207789294;0.0349741357943;-0.0918627250098;-0.0233297294141;0.167946570211;-0.0451350592863;0.00987285427049;-0.00571348624718;-0.0265717908362;0.0236791973205;0.0374806240498;0.0393259378568;0.0347120841892;-0.0907952935822;-0.0494769603949;0.0158366837318;-0.0451919265362;-0.0244542911016;-0.0157920655811;-0.0708845074617;0.0493586241061;0.123550882872;0.133077405163;0.0457953784999;0.0205923196031;-0.0534257021917;-0.162390325999;0.0210241656634;0.0396506248787;0.12920643465;-0.0285089363435;0.0202980317262;0.0304015683573;0.00495878660313;-0.0593488608988;0.0283414425101;-0.120016426763;-0.0231875890666;-0.0324124948633;-0.0707491017197;-0.104381928334;-0.0775318176123;-0.102756624656;0.0563688151015;0.0585487899566;-0.00626381700126
-0.00187363663834;-0.0955058017296;-0.128196111999;0.00328614101018;-0.0421718264462;-0.222489681629;0.0355524144239;-0.13627668923;-0.14075378227;-0.169591455804;0.237906804607;-0.0606264321004;0.0453641940427;-0.128414541957;0.213156841868;0.0755660278752;0.0589011766805;0.0573947832246;0.0250744546667;-0.0324308706381;-0.298196928663;0.0256561322478;0.152053631317;-0.0686947297877;-0.151676070287;-0.0681361838456;0.0170535828611;-0.0131578590638;-0.0944177058024;-0.0110015367644;0.0583787247081;-0.127834429526;-0.00399732745436;-0.0813913149888;-0.0259476565684;0.0399855274805;0.100431832584;-0.128538903692;-0.00253120218027;-0.0680967284244;0.027896344885;0.108452755289;-0.181907542296;-0.186540350144;0.0294916165215;-0.0539759733174;-0.0334602148685;0.048559610993;-0.0456011085068;-0.0838161933198;0.164481074227;-0.048228226919;-0.0600578818823;0.000846480164892;0.00673776552501;-0.0708421894729;0.104849627199;0.0731059226304;0.0151131271741;-0.133509126002
-0.0139100261693;-0.0696880999158;-0.135436653992;-0.0493236539137;0.0827607589543;0.020018924441;-0.120800908662;-0.119816733427;0.0641904440068;-0.0947545293258;-0.00834548597699;-0.052131154046;0.0821465327592;0.0778712001801;0.0126733943052;0.010009459921;-0.0212069473728;-0.00528115961918;0.0181390867344;-0.00231287634284;0.0853700564217;0.0492832072085;-0.00765888755132;0.0304232700888;0.104684506959;0.144112525906;-0.0278096617155;0.0502308074096;-0.0236048543828;-0.0436362831733;0.00790560590686;-0.0520458443276;-0.0747879202008;-0.00556334680706;0.0216949128877;0.040052617027;0.011567079582;-0.0886488851116;-0.194941103501;0.0530442044859;0.106482991848;-0.00943327936037;0.00277063548991;0.0912642975858;-0.0569298239034;-0.00258123741379;0.0846209818085;0.144464592741;-0.0210855297372;-0.0926050662464;0.07301467798;0.125492124036;0.0584840303644;-0.0316940111035;0.0438046333873;-0.0907051093161;-0.0390248281196;0.13258953434;-0.0119660945521;0.100609903497
0.119300524067;-0.184750201393;-0.0293997741436;-0.121535620443;0.00853953159053;-0.0396885270776;0.179636074961;0.0015813878671;0.0552160786724;-0.0608703435874;-0.155430308356;-0.0497676146028;0.0821244433321;-0.0848163149589;-0.0115533606367;0.157794118077;0.0276357553431;0.0212995350917;-0.0928163415423;-0.00968082584627;-0.143702466936;0.0664340916587;0.0533526321447;-0.048971402471;0.120666003819;-0.0269448056988;-0.0271844773893;-0.0130869802734;0.0442375198204;0.0580262252305;0.0173029729836;-0.0949560278692;-0.0392887202591;-0.0840838121747;-0.126739213027;0.00113593833541;0.057472897842;0.092027529511;-0.0270238987671;0.0963121088163;-0.116024468732;0.0422170008326;0.0381595376246;0.0320163532773;0.0752792650372;-0.0366628399005;-0.136741569142;0.0745130052152;0.041687400342;-0.215240507246;0.102106852625;0.109134930473;0.0476164318812;0.0642110929495;0.0188233596608;0.0325221691866;0.0247933168868;0.118616492597;0.0582732160335;0.111438161682
-0.0368842690032;0.0348245157935;0.0652922790913;-0.0348827254587;0.157966532153;-0.110345024418;0.0299649519537;-0.0299049625111;-0.0507192078816;-0.0360077648665;-0.0213995705158;-0.079732608;0.0146032304233;0.113240821935;0.0953411868299;-0.0921672075243;-0.079101542948;0.0175104754496;0.104862338054;0.0701316719974;-0.0178659925578;0.175177824532;0.1092886583;0.0407122187389;0.0161885135904;0.0221526499427;0.0470527134272;-0.0970135014904;0.00989047049982;-0.0193495270152;-0.0522164897745;0.0197945499702;0.021512027176;0.10625770215;0.129425623037;-0.0617535600232;-0.0300417011589;-0.138069383326;-0.013358600504;-0.02178379823;-0.0819445094883;-0.178894042452;0.183616144245;0.0583020205395;0.0427460946376;-0.106081121047;-0.0773251628493;-0.0364449761857;0.0308425020288;0.0463724236543;-0.0672119934408;0.226168457558;0.139292442522;-0.065651357239;0.101291050188;-0.0397101446019;0.050893194388;-0.013608084729;-0.0167393406296;0.0191659546857
-0.0155216368724;-0.0382142491392;-0.0116263945126;0.0915836862093;0.0923434192938;-0.0348502105845;0.00112600043537;0.0146799032222;-0.184698524597;-0.00775140769515;0.134458191334;-0.0400971921352;-0.0234154462504;0.0470728113377;0.0655365264572;-0.0165067360859;-0.0596619810025;-0.0563004568759;-0.098103488933;0.148130270276;-0.018984429554;-0.0642028514152;-0.0374009650327;0.16861773917;0.00407127751715;-0.0286176303391;-0.0104700569878;0.0206300594727;-0.0357678947334;-0.0439598128232;-0.0816022863629;-0.0744121042884;0.127416415091;-0.100194603369;-0.0499821214706;0.0764756664778;-0.142541014291;-0.0277254157089;0.0929804397235;0.122670994328;0.0728344152939;-0.140500856557;0.067326535923;-0.0722143000319;0.0740756286894;-0.0932138086829;-0.059133855551;-0.089263889673;-0.0115617582127;-0.0423095911001;-0.0560904754758;0.0456262182449;0.0679104047355;-0.141016105566;-0.07393051066;0.0307420397362;0.0561725696277;0.203198158287;0.165661815476;0.0448783802163
-0.0128478713975;0.052520287859;0.0650225073915;-0.102843362266;0.0553777320618;0.14027469889;0.0118620506838;-0.0649793256764;-0.111828550019;-0.0301642544789;0.109355670234;-0.0572034240924;-0.0497148276795;0.0347811753148;0.0679438160786;-0.0850722785378;-0.0761216699487;-0.0851280662672;-0.0978275203678;-0.0220473335901;-0.0856964966982;0.0686721080157;-0.0964874098666;-0.0189983344759;-0.0343174917324;-0.0154508430892;0.0955378361458;-0.143974790879;0.130933544845;-0.0942538163132;0.0957308379376;-0.161578886588;0.0530917097764;-0.219676695359;-0.0685076285914;-0.00456091988184;-0.0878729791938;-0.0826861279086;0.0976540260764;0.0150665170634;-0.0656870855272;-0.0369909870416;-0.0169919779845;-0.0513523282924;0.00358824651514;-0.142041674801;-0.102439034499;0.0556131891001;-0.0719633472186;-0.0353174284325;-0.0998090441605;-0.150609762106;0.101512683409;-0.0120005163188;-0.00311603178008;0.116738256387;-0.0669716073831;-0.0661537677357;-0.0731545543919;0.0910362726913
0.0283581485351;-0.0683598632486;-0.0455318626525;0.0626832626954;-0.212842244297;-0.0799427757006;0.123226070396;0.06218909695;0.0187568533495;-0.0607631209152;0.0320752929138;0.0131135508319;-0.128161426218;0.0199607043321;0.0390459642786;0.0514790694548;-0.03288439144;0.124973923108;0.0470317786656;-0.0195428941222;-0.0526400844719;0.0975667563991;-0.0868738443617;0.109898726334;-0.0509658841039;0.050848267694;0.0568968870999;-0.0647938261886;-0.0995564340609;0.00636140916881;0.0496161009884;0.150215850917;0.0384931978394;-0.0108342189789;0.160460715239;0.0121441126936;0.0428684591225;0.0847949443315;0.0667742484632;0.0462946495854;0.0103721345691;0.0217388542597;-0.0164097036852;-0.015428843605;0.00344869845486;-0.0324034913976;-0.0961529841744;0.149799748639;0.0256760857979;-0.00985214312006;0.0511899490566;0.0202015503831;-0.0799804468459;-0.0185642885094;0.162305332201;0.0558304346738;-0.0441347168719;-0.00709806846794;-0.106735903333;-0.0400271169187
-0.0187124412039;-0.118617793533;-0.0671573696818;0.00627972691236;-0.0180662935092;0.163874837515;-0.102640643522;0.0451879553425;0.0306630441197;-0.107981933044;-0.030805475652;-0.0282344164048;-0.0914784683688;0.0751607008044;-0.00733306559272;0.00872352396955;0.0810506963108;-0.0304968123662;0.0897121556479;-0.0883860066619;-0.0140516760002;0.00537837802509;-0.0791603034304;-0.0753596760536;0.0177508224872;-0.103849632897;-0.0408538586951;-0.119917922952;0.0855837432078;0.0817135230894;-0.0104887262287;-0.0477852345466;-0.0997468439454;0.0518097211764;0.0606318863496;-0.233011969935;-0.126633754808;0.00980825945501;0.13470318295;-0.108902815377;0.0888672825146;0.137797133691;0.189611006851;-0.00302516950717;0.122711862699;-0.103448501803;0.0308048917976;-0.0688835476366;-0.0206302755584;0.0395671544836;-0.0512232005238;0.0776386397325;0.017956777135;0.0482005475724;-0.00621217551775;0.03048540686;0.126369809611;0.00831150700454;-0.0553744928847;0.113130092269
-0.0678609122504;-0.0216558073651;0.0652373118193;0.0338576401414;0.0341252899575;0.00905834116735;0.0121041425557;-0.0252484054017;-0.0215749393028;0.0749970587333;-0.0934047825469;0.0921017189687;0.0190646840776;0.153222514219;-0.155791797288;-0.154158015753;0.00322374107697;0.0279411762689;-0.08033396789;-0.0606014595575;-0.0490281299612;0.0942938786937;-0.0858387552744;-0.175340127835;-0.0123453015946;-0.0113716322403;0.0213282589363;-0.00508191444241;-0.00311854030093;-0.0498391141776;0.0190343018944;-0.050515165796;-0.108869939634;-0.0299432823544;-0.0281748151733;0.165007192119;0.0533407254274;0.0128508000415;0.00413752895397;0.0840374102201;0.0198915381898;-0.0489896651377;-0.00618251952194;0.0684927555205;-0.0919630005268;-0.12036397573;-0.131809561312;0.0956607264;-0.0442940046268;0.00188281684955;0.00555198657611;0.0717097992469;-0.0223157313009;0.0159587677196;0.106874411722;0.0209886956461;0.157486710498;0.0584844060073;-0.0470659570668;-0.00628805887022
0.0222817507881;-0.148257170018;-0.111206449257;0.0599616169317;-0.0209344410307;0.0140048651085;0.0551581163734;0.0227183766779;0.0551575137679;0.160896127824;-0.0631664524262;0.163227287162;0.0319087251105;0.0146678688732;-0.0298809982826;0.0334548517136;-0.0811997735056;0.110333948877;0.0696798543596;-0.126895759048;-0.0524055017435;0.0189158217307;-0.0066726792078;0.122102656237;0.0516822302061;0.199732184595;-0.0330268646578;-0.0409558348252;0.000822839987111;0.000783726112727;-0.0273251210322;-0.11086507698;-0.141827923546;0.0403732881722;0.0102700819381;-0.105269407992;-0.00464123053471;0.194705808796;0.164571967865;-0.0263214955421;0.0269771509842;0.0147121238817;0.0202953144247;-0.0905830982906;-0.0257772536695;0.143668811797;0.104375511155;-0.11788251531;0.11270127342;0.0169011620209;0.0362278350574;-0.0143741229536;-0.160338049165;0.0154689835792;0.0265421580272;0.0405375658788;-0.159853725189;0.078194884498;-0.0659180381679;0.0399434742732
-0.0767483649387;-0.0145730743899;-0.070274536967;0.054066146595;0.0375628005082;-0.120612352747;-0.0593811615385;0.0488279355112;-0.117190854651;-0.0437434285555;0.0141957393285;0.0442715783154;-0.0613392152082;0.00195609732185;0.0139812285133;0.13697905312;0.0737187002197;0.0290893980355;-0.0184813704809;-0.00362011595031;-0.0407446052307;-0.0380089325332;0.119140991559;-0.00543444818952;0.013873634602;0.110764929952;-0.0166148884202;0.0224619906339;-0.0707026827841;0.0863047400377;-0.0741031969577;0.0480109896528;-0.0405381275196;-0.0431163411093;0.034510056911;0.0752196783597;0.124194184771;0.01925599398;0.0367170119103;-0.150187374088;0.077206029752;-0.0165950809506;-0.0320060823739;0.0382453171512;-0.115128135034;0.000581739734068;-0.169509210852;-0.00401080039235;-0.134629519937;0.0129701244172;-0.0309115033914;-0.127791635902;-0.0553370851296;-0.0230682852014;0.0218677571954;0.0170520497154;-0.016346202865;0.0493612243587;0.0381534431691;-0.00860571269343
0.0298441002253;-0.0170302713929;-0.067661180659;-0.057415309302;-0.105809815465;-0.109098617241;0.121120044726;0.0883648666109;-0.0379818561206;0.0268249954447;-0.0637080152456;0.0668040645855;-0.0180264442706;-0.146868327092;-0.063284841346;0.030454668591;-0.122219782884;-0.000226332905264;0.0182273683801;0.0106525644179;0.00381472495838;-0.114473230523;-0.0116482496565;-0.0491194635295;0.0955857267148;0.150116551632;0.0510632312443;-0.0352077674019;0.0303528894654;0.0373931904246;-0.0221029130084;0.0539019882839;0.152048567482;0.0580268711914;0.111685142093;0.0631853409666;-0.017490304948;0.195276068971;-0.0863725733635;0.0551911894724;-0.00675093817749;-0.0645680953078;-0.102090827062;-0.144287818284;0.032268056611;0.0119370050066;-0.0893544892013;0.100078219229;-0.022557249561;0.0150751794397;0.0230650706569;-0.0168218047898;-0.0459520347408;0.0536284402774;0.167969986782;0.00617178871353;0.0754099157385;0.00270434073132;-0.0759287290854;0.0750329645344
0.0208444651398;0.0664721183599;0.072238078423;-0.0322537611189;-0.00672629036913;-0.0630116454653;0.0686127642521;-0.0366016086992;-0.147356513985;-0.0140217241947;-0.136917712461;-0.0408438082876;-0.0295017373766;-0.0893055095092;0.0824596144947;-0.0901674752932;-0.0290618263394;0.0180063935543;0.0542286356926;0.000566561995839;0.132677060636;-0.0438306492933;0.0937469708481;-0.103613565276;0.0187341633495;0.0183547273729;0.092268942749;0.0184417173607;-0.0510590203237;0.01739887142;-0.0271098426911;0.0191827345048;0.00594488183111;0.0132760546949;0.0755256975314;-0.0385443679215;-0.0606458950026;-0.0145927349394;0.0758993553492;-0.014657878857;-0.0662583105132;-0.0550660061888;-0.00736990966378;0.0927402814533;0.00997547500298;0.0769507938894;0.0678685624009;-0.0407151011212;0.0281206096378;-0.165904891186;-0.103287705785;-0.0401560299098;-0.0140300076769;0.0416377173504;0.301110932673;0.0144431115351;-0.0627619431878;0.0725769805113;-0.0307395601466;0.0602117293227
-0.0333899157494;0.0826759446558;0.001065611144;0.0749309051471;0.0366254144143;-0.0782057140907;0.149063310705;-0.13015658886;0.122549494361;0.042764042064;0.0595344636271;-0.0260503400665;0.040466263045;-0.0202201168419;0.0934383275983;0.0636015032209;-0.0712816301893;-0.0383245686277;-0.0667927301696;0.11240557686;-0.0173240610343;0.00293917778722;0.122300525404;-0.00210610053325;-0.10811215055;-0.00615022238782;0.118504421999;0.0334285987901;0.0138789950625;-0.0100702728734;0.0228205857014;-0.0247962581228;-0.0243789330438;0.241039362044;-0.021719611445;-0.0261404154648;0.04181942042;0.015526929858;0.0149276821693;-0.0421687664097;-0.00233974636667;0.0227933883602;0.11542742144;-0.0796666584325;-0.0177852647025;-0.0246907521514;0.0667806797383;0.0720736157915;0.00561299884389;0.0535479374591;-0.137031404114;-0.0830567133727;-0.0988149502538;-0.12680427796;-0.00860717325851;0.0692504182485;0.0190961734055;0.0544904889511;0.047830178168;0.0820208458406
-0.0387206642266;0.0536849826343;-0.118286252141;0.151766313606;-0.0576874909393;-0.106249769924;-0.0415617985232;-0.0656099136312;-0.0146555526204;-0.0387247375215;-0.076626763605;0.021902044345;-0.0679629174818;0.00936426403438;0.0292016081069;-0.0508944768242;0.0211271118906;-0.0370512672899;-0.00256685806304;0.0526389167142;-0.0374288662443;0.129570805609;0.0372438263585;0.0846695361338;0.0975905359364;0.0701174523689;0.080549941402;-0.00368002984905;-0.121788338354;0.0195132363129;0.0921650488422;0.117298412926;-0.0527591085977;0.216374814124;0.0292584674824;0.0451654935986;-0.137347818008;0.145775829341;-0.13119583638;0.108339167728;0.0804662803975;0.0989971628672;0.0603361848202;-0.289990629232;0.121029225727;-0.0502017552692;-0.127469504213;-0.0507527491925;0.0508961693432;-0.0406627653352;0.106842175317;0.111166340786;0.176384911355;-0.0633230230841;-0.109982197804;-0.0117612580675;0.00313501543695;0.113414828203;0.0813627637247;-0.0777216782772
-0.149175942056;-0.0469066149887;-0.070993332316;-0.0406795241439;-0.0593022847611;-0.0287726907559;0.0874212985757;-0.0663886456662;-0.0275039987933;-0.0954430578073;0.0532143824741;-0.0297472683294;-0.0387240006429;0.044752942253;0.0246788392404;-0.0795221866637;0.0430781254728;-0.118063297559;-0.0424960222837;0.0202499358856;-0.0133457704798;0.105886961287;-0.0587209779078;-0.0671302762772;-0.0413156036639;0.155608100684;-0.0662744637661;0.00425616211849;-0.0577398658598;-0.153983050754;-0.112284640509;-0.0419022549542;-0.0979126547482;0.077369104408;0.0315278768133;0.170648376158;0.0483922492435;-0.0515175104244;0.0531241289404;-0.138937450237;0.023086367368;-0.02522736395;0.0150818563601;-0.02817645353;-0.110932807038;0.127790809021;0.124847177721;0.211105044959;0.0777387647121;-0.07305273448;0.00647411512543;-0.131789646201;-0.0376382240845;0.00702384843892;-0.0476746935861;0.0205063374721;-0.13958663064;0.0369128693691;-0.00645796405053;0.100520881399
-0.0977811601034;-0.215852533428;0.0238447086369;-0.00348704164563;-0.189324661114;0.0128565964006;-0.0193993539415;0.0921085052763;0.0404331446964;0.0781266258163;0.0895682557397;0.0771082822714;0.00994860285421;0.112296604238;0.0289127338196;0.065175205779;0.0737586786006;0.0392381763545;0.068136965314;-0.103591819275;0.0225309897478;0.000929513222173;-0.0615905362806;-0.204293322402;-0.199065663126;0.0861588550824;0.00748824296138;0.126693753855;-0.165294440346;-0.0239894015099;0.0325972573634;0.0431624543288;0.0324063742005;-0.0116876157688;0.0349386936264;0.027065061536;0.0328289711442;0.146184216366;0.0863041733794;0.103720406306;-0.0856585526279;0.031195048187;-0.00720784449025;0.0283608143916;-0.148266542985;-0.0179087659283;0.0531938319508;0.0215146987336;0.0719627096338;0.0985522013125;0.0012282440237;0.0160802766441;0.00763934439205;0.0229761448057;0.221276126356;-0.0251275359029;-0.0723441441622;0.00486444170754;-0.0355648538819;0.0130884906639
-0.0400723438778;0.0234099665596;0.00708792891013;-0.00402293619956;-0.0324389330935;-0.0477096245132;0.0662098653204;-0.0807573149916;-0.085655784888;0.0584018012264;-0.000893682998359;-0.0815851159536;-0.0644674783489;0.134670359806;-0.106861803588;-0.0735609910359;0.0875141892558;-0.0555893537845;-0.0200946654436;-0.000666105449595;-0.0343807157029;-0.123520708617;0.0594841455095;-0.0614941806028;0.00257920534025;0.0706187937114;0.0749276154565;-0.0740148765011;0.0746203807895;-0.0253936296676;-0.0886776805453;0.119354234021;-0.146661496651;-0.0321567829064;-0.0072793026302;0.0210447668007;0.023531762453;-0.129605671467;0.0946971611943;0.161546821614;-0.0243347664385;-0.0640283761989;0.0948774940562;0.118906717821;0.0208403127819;0.0358525296268;0.11014750523;-0.0937486994671;-0.108238160545;-0.00527160449645;-0.0234987044986;-0.0854134519445;0.0976983354749;0.138296326814;0.0713946469397;0.10717707698;0.0208487731611;0.0207127441899;0.0158156248222;0.00930963992305
0.0769630888279;0.163848481386;0.0333539482113;0.082344071;0.081104209975;-0.0301661984033;-0.0321471850942;0.030269207929;0.0180895222586;-0.0737419661053;-0.0372349004371;-0.0590225865886;0.0392819977206;0.0940523877425;-0.131646025912;0.0155226685776;-0.0424378608148;0.0784546041266;0.100182687704;-0.119492238376;-0.0844747260212;-0.104909302057;-0.0787072902023;0.00507161565567;-0.112118393788;0.00448059191405;-0.00960567990894;-0.00219619628161;-0.0962372092663;0.0666637654388;0.136280812915;-0.0393275329238;0.0292508933514;0.0492108576463;0.0464346282303;0.0472577680001;-0.0485144897095;0.0184396293562;-0.105528419241;0.0990416874383;-0.0429853916195;-0.0504773717919;0.0241558225971;-0.187787430707;0.00182848666067;-0.0199378651374;0.166063919812;0.035272497638;0.0667568511599;0.0495222080792;0.0567536698892;-0.100310148246;0.0976487807714;0.0334210974128;-0.0265622179879;0.030193614103;-0.0185085095256;0.0805398138301;-0.0690238220311;0.0435990004344
-0.0446130162454;-0.0776500566818;-0.118685942578;0.0145970827216;0.0301631889406;-0.0449491838806;0.0309180914188;-0.0122675394422;-0.00602090420849;0.000547414536472;-0.203536077793;0.0142477966455;-0.214088641852;-0.0743682035079;-0.0988134808242;-0.0506512880125;0.0379501311508;-0.00793048131695;-0.00951951731435;-0.125139871261;0.035046524876;0.0407949737611;-0.00347305497752;0.0140601293576;0.0532524050004;-0.0470426825319;-0.0561377050987;0.0429254560575;0.12810361489;0.0382537290981;0.015342480448;-0.151951875879;0.001911537231;0.00742980688121;0.176708237976;0.00195609545459;-0.182512264807;-0.0569711099622;-0.0942573181653;0.0169229790784;0.0827356867922;0.0651368059624;0.00055185760102;-0.00397227370528;0.0836314436504;-0.0492924125908;-0.00374143314696;0.125996485751;-0.118250762851;0.197031269813;0.0981888854712;-0.197399467304;0.0720897059701;0.0111696517332;0.0298218341414;-0.0107217513684;0.110007690715;-0.01481162523;0.10371397845;0.0320291885662
0.00945491822772;0.0453472082489;0.0529316573986;0.0444218284657;0.0241234338556;-0.116122908511;0.0733345854685;-0.0653844246822;0.0838810672086;-0.0856668926419;0.090937780605;-0.120427042708;0.0110315053881;0.0849073760237;0.116299508519;-0.00640082440832;-0.106501457974;0.0304617085632;0.13949053198;-0.11921482185;0.0733891369948;0.0883923024716;0.0560708246357;0.0603312295038;0.0673995442183;-0.187353896566;-0.0810007264991;-0.114104260927;-0.0507503318299;0.0793809849223;-0.113526794551;0.00176459853524;-0.079200887903;-0.172124330001;-0.0640126639582;0.0625879034286;0.0676541515241;0.174917237769;-0.0260407386662;0.00611288672674;0.0381750204148;-0.0884951293225;0.0211806761979;0.00392959309383;0.00684605670635;0.0184222017938;0.0489426517222;0.126416344079;-0.0945523017156;0.0192754174896;0.0300047537118;-0.0469457575587;0.104919392306;-0.0720515057167;-0.147552872324;0.150357208659;-0.107367484427;0.0534614988245;-0.159828745887;0.0383465068329
-0.0648257625354;-0.0168320728011;0.0207755740715;0.0112727170941;-0.00487656890531;-0.0690290350839;0.00867657108781;0.0123294367663;-0.0107339807343;0.128989987928;0.0232281096104;-0.0249284082329;-0.0634551498897;0.0508810066852;-0.0933779454593;-0.110852116626;-0.0461192252321;-0.0575657046964;-0.0732755567008;0.125533982416;0.114440433732;0.0794938722094;-0.150883720826;-0.0219176350357;0.0776239219025;-0.0428538223568;0.0632212077258;-0.00444504208565;-0.0107513200822;0.00824796457288;-0.120914372618;-0.0088966059795;0.0145438551575;0.0788698516045;0.0354311893158;-0.0132748228124;-0.0172714485321;-0.233405274149;0.00284325603112;-0.074918084159;0.294615035747;0.0413185202835;-0.0689181231519;0.13592625934;0.0226305929868;-0.104464754254;0.104001229845;0.0175301421963;0.117059581536;0.0854210397592;-0.0709772137631;0.175650966512;-0.0201921571664;-0.0635088686166;0.0715042768859;-0.135348766642;-0.035549418357;-0.0670336939413;0.0344311316773;0.115722168026
-0.0695654801219;0.04988082301;0.121022421034;-0.0932808784602;0.0213632321651;-0.0370891609987;-0.0192222491637;0.104954476272;0.0598448665267;-0.00835411265761;-0.0488621953888;-0.0439881282389;-0.116539754936;-0.111051860882;0.0372447378886;0.00457813562538;-0.0927533348663;-0.0413581189739;-0.0325083897528;0.0966348679948;0.0375003656358;-0.10753911331;-0.0909790155261;-0.0363194328941;0.035236364496;-0.0713807265614;0.0828254304972;-0.0146729353696;0.143247088704;-0.0702780944604;0.165929793786;-0.0628662081706;-0.0347507244183;-0.0722235444309;-0.0765905774011;0.112913374192;0.0992826182967;0.191504314172;-0.126183955466;0.0597826152747;0.0697458569996;0.0763891041258;-0.0720431939692;0.0463033899075;0.0607725616676;0.0673359402783;-0.123160720304;0.0425522306136;-0.0433900180205;0.0557408431882;-0.0310186909923;-0.0118944414208;0.0832141709229;0.0842256230921;0.111714111605;0.0292594080511;-0.10193275734;0.12376066771;0.0629360226628;-0.0374587244854
0.0112309471249;0.0576815144776;0.12121830614;-0.109262676617;0.00248480718557;0.129300106988;-0.0366039400318;0.0118481855286;-0.0663143404709;-0.118306058552;-0.127556627405;-0.117410437801;-0.0487347264345;0.118890122303;-0.123002444525;-0.149590246751;0.102263292745;-0.192473460284;-0.175181640639;-0.135653396613;0.0696378558997;0.104745119031;0.0286880975004;0.071961911425;-0.00168462936889;-0.0141429181965;-0.125103876649;0.0647406522932;-0.14436260056;0.0518593942213;-0.0510541322474;0.0132367127254;-0.127448439134;-0.0384813335298;0.00193316715755;0.0363977473717;-0.0149323829371;-0.0658874219708;0.0572937224183;0.00328577955931;-0.0119519318085;-0.134483494238;0.00488699880976;-0.0652113517808;0.0529863041077;0.028846985746;0.000250531773955;0.103166979293;-0.00709528612457;-0.0724792129002;-0.137001455088;-0.0311448966524;0.209185834592;-0.0468465635721;0.0689847543152;-0.0252134735824;-0.0610650840717;0.0974324352914;0.00688920856285;-0.0180316749819
0.00255984736789;-0.0671756603001;-0.142609251913;0.0666779501547;-0.0395866145695;-0.0235644036976;-0.072862934089;-0.0343090902343;-0.0676145896617;-0.0315829287504;-0.0735275454361;0.180146534306;0.0841473792297;-0.0271979351057;-0.00699914884632;-0.00719594321508;0.0747786005666;-0.0323216819481;0.0805793878068;-0.0221650412861;-0.0103754199276;-0.145726481066;-0.0852502921686;-0.104927704763;-0.0286278483651;0.188399480591;0.179939484078;-0.0703935636154;0.0349684202852;-0.00446026724949;0.0934174900583;0.149408675796;0.033071661324;-0.104764127595;0.0314400622763;0.0243027457227;0.0784794413246;0.1872697151;-0.221419276551;-0.0416072726461;0.0398256065829;-0.113831322117;0.12695131672;-0.158249116515;0.0647133661424;-0.0116753055659;-0.023699571698;0.117954955164;0.238156402262;0.00483655087233;0.0128625221585;-0.154363815692;0.0717200193416;0.0497642102578;0.155828780186;-0.0396775561696;0.0298086765148;-0.0392806263423;0.000391071495594;-0.076647722997
0.0344332606813;-0.121966136306;-0.00319937413688;-0.140864864882;0.0195244690653;-0.00596455198304;-0.0469445139525;-0.0757120855452;-0.153834767725;0.106176750263;-0.0389395126693;0.0319926151822;-0.0677938065609;-0.0507190398005;0.0541686768582;0.00750262982218;-0.0723282219335;-0.0343649465293;0.040013950611;-0.0649166702629;0.0825900348467;-0.000372447181033;-0.0617027678891;0.0831791782868;-0.05754020311;0.0860346088025;-0.0417476662927;-0.00825203423598;0.0392411680049;0.0259099656643;0.0708645883826;0.0276657587925;-0.0649145872456;-0.0957026562012;-0.0671234185996;0.166049468635;-0.137790531982;-0.0591221152684;-0.0614950622691;0.115918137924;-0.0725915056225;0.0350668437978;0.110900645486;0.0559479468421;-0.10542558199;-0.00817072715892;0.113627824412;-0.0205609450697;-0.0199022442382;0.100900726513;0.0242609101413;-0.0417239848851;0.0562503900157;-0.0434427726751;-0.18457946037;0.131738783743;0.0102121143236;0.0552538638607;0.0508447525411;0.0829364428368
0.0314221141385;-0.0809375570653;0.019834548074;0.0202456459308;-0.023033779283;-0.0626327693838;0.0804539929197;0.106770592801;0.0335952522161;-0.0544198249243;-0.0846222519729;-0.0490207279549;0.043497014326;-0.0341979771603;0.0228264261835;-0.0175746782146;-0.153073473546;-0.0629871184926;-0.104604487751;-0.0835381356401;-0.0103400657906;-0.0712486991318;0.217055854797;0.0314116189844;-0.00537420260604;-0.184290073788;-0.0288755024697;-0.00723401901355;0.0429027562868;0.0272472313298;0.132684283867;0.0753517539763;0.0735398710737;-0.14426679309;-0.0748954916329;0.0384759353874;-0.0904579197671;-0.0488547611198;0.00922742577596;-0.210721300011;-0.0596737186666;-0.0908696490625;0.0409419065564;-0.0911845054372;0.124904873033;-0.161436314833;-0.0903973115644;-0.0930314777714;0.00507629711631;0.0444090340129;0.0717319922495;-0.0242695315904;-0.00216600570123;0.0290301643869;0.0292847190547;0.0392565319642;0.163513792291;-0.106656468459;0.0177734088804;0.210675354864
-0.0227014577813;-0.0113301958151;-0.17295390162;-0.0645063953157;-0.0748369774134;-0.0545634586674;-0.0414058895325;-0.0296897381157;0.0269793585526;-0.0153764967501;0.0211052914485;0.104977424726;0.043359606345;0.0249693837101;-0.0661559036851;0.204859772384;-0.0332876811794;0.00665041457156;-0.0722889821288;-0.0102471108826;-0.0130680261149;0.0712285996447;0.0643343395672;-0.119993032581;-0.044816056735;0.104155167606;0.0838672720237;0.0746597207571;0.0331966671816;0.0644384887475;0.00664704106725;0.0521229925374;0.199605810759;0.134063054854;0.0785623298577;0.0243918564906;-0.0210613059467;-0.0295412545263;0.0794793070584;-0.0773977203494;0.0481531703386;-0.0854572808836;0.0395577198278;0.0627990391097;-0.14048001943;0.0419379068822;0.0555081342841;-0.102628849266;0.0418123222964;-0.0105735628546;-0.116689044964;0.0394909311819;-0.0746030132221;0.00621191744605;0.157981204135;-0.0139208733115;0.0286891185854;-0.0248768730775;0.156385090784;-0.038240354029
0.0868027941999;0.0531818905931;0.14953409879;0.115646955916;-0.00837484674084;0.0605370815819;0.0518139851329;-0.0316077756626;-0.00241054349423;-0.0257135458716;0.0420571631488;-0.115392902484;-0.026450095311;0.160148135299;0.00215818796172;0.0724988001063;-0.0386062580857;0.0489266196971;-0.0886261780784;-0.0245965648323;0.208911601147;0.0765736462596;0.134236101218;-0.0712232178908;0.0383178779226;0.0613708844909;-0.0218000595977;0.0219737273317;0.159456675133;-0.00572962377077;0.0335991490597;-0.0574352234598;-0.0516603538708;-0.0726937423225;-0.0782222941359;0.161366037281;0.0747652885746;-0.0123096432244;-0.0466120630311;-0.122246240253;-0.11236363302;0.0540560108001;-0.0359531412013;0.0105868431139;0.10183972856;-0.0115676942228;0.0218354402731;0.173798718641;0.0200127079538;-0.0825312910882;0.0636394252242;-0.0182066333077;-0.0904970564436;-0.00658112290119;0.131030399053;0.169259748632;0.0420106820744;0.0206049835377;0.0330090204676;0.0410007694879
-0.0769031912702;0.0252924788544;0.101309690785;0.014826286603;0.0808213301804;0.0470532802093;-0.105673804383;-0.0285238286345;0.0242436744018;0.022344993634;0.112292033404;0.0140537118543;0.032234015684;-0.06006412657;0.12526748809;0.0350151998528;0.0174039900496;0.112182457734;0.00597751190947;0.0655877789808;0.0890860720608;-0.00799787783384;-0.0891536919398;0.102036022942;0.0788971100493;-0.00757745626719;-0.00572235940047;0.0551513462503;-0.0364353179378;-0.0398882627416;-0.106794655076;0.0709734875817;0.0394922411855;-0.0282407877504;0.00926209010432;0.11992074004;0.0824035447981;-0.0417980512468;-0.0374987566071;-0.0864801472346;-0.0502272102585;0.0502817231063;0.0112746402018;0.00148303443035;-0.103669208307;-0.0720044198979;0.0908522617491;0.0127805062002;0.0750560644707;-0.0619359086783;-0.014179907865;-0.000269842364255;0.0240172078831;0.00575395348167;0.00774017586743;-0.0358380042849;-0.0198509316602;-0.057892549168;-0.00748931171449;0.069188613176
-0.0239059033207;-0.016641601293;0.0557880734482;-0.0244212631779;0.0858087210847;-0.0944979825419;0.0397575567129;-0.0146911820751;0.035726919667;-0.0518511922074;-0.0428150065301;0.0997690203751;0.100170142914;-0.00610600505963;0.0184814349292;0.0390153477403;0.0628415518975;-0.136969842569;0.0374048213454;0.0297559304307;-0.0241958743966;-0.131872576289;-0.033184403142;-0.0243369717491;-0.159651418499;0.0681221020572;-0.0506132589053;-0.0481139515063;0.124331316436;0.0510984598593;-0.166048428566;0.0561586404138;0.0601672125846;0.0749026601337;0.154812936662;0.0983871617803;-0.0571493154383;-0.000846412639236;-0.113185729833;-0.0254034597487;0.077359179852;-0.0423801907641;0.021126153307;0.0809417421207;0.000439619452475;-0.0155485578664;-0.0332526412806;-0.0404301250043;-0.0889983279491;-0.0545331805275;0.0187954745884;0.0423904033157;-0.122111741321;0.014753398638;0.022524963644;-0.0112165743529;0.108477477379;0.0167960380019;-0.0245879297592;0.100353545749
-0.0780610802885;0.0394080465438;-0.129380637053;0.0116546342919;-0.0869485086212;0.10520847644;-0.0569904105476;0.138826579102;0.0430351121889;0.00181986501738;0.0561484338968;-0.0297174419392;-0.0835056532648;0.0257409959129;0.0949339635159;-0.0735863201909;-0.0137851043475;0.0140558198099;-0.103707724459;-0.112807794213;-0.0382439629285;0.0566490508619;0.0135801797027;0.0990809690364;-0.0701933502104;-0.030642846428;0.0215246188451;0.03361608003;-0.046135712569;-0.0739164623897;-0.129682549003;-0.0764040551168;-0.148087621624;-0.0650049260172;-0.114663224734;0.130589229934;-0.140814549584;-0.0867265956899;-0.0450505339948;-0.0536072856426;0.00937438156726;0.00985774122862;-0.0729704078198;-0.0101408474404;0.00678442969521;0.12305611295;0.0724576563804;-0.0454272661911;0.098007992695;0.0904573525591;0.03787273006;0.0670512063681;0.067275980656;-0.183652253428;0.0482501337642;-0.107620148693;-0.103792079609;0.149764914063;-0.0630948419636;0.00291379308776
0.274311972746;0.0169521068494;-0.0179203541023;0.00140835336503;0.153385096291;-0.0245564895088;-0.0277468034288;0.159370033495;0.0570911746807;-0.0946051519285;-0.0492996347618;0.110937171965;0.111665713304;-0.0147312669633;-0.0509691407431;0.0445761667659;0.13421885091;0.0162184714966;0.0848348692795;0.0604998687852;-0.0944391711521;-0.0787024808684;0.0950737999135;-0.00348158658546;-0.0503082351804;-0.155119040617;-0.100554405466;0.117032428188;-0.0395254404474;-0.106314446226;0.00420593297725;0.0326951878472;0.0121000924329;0.0527259674419;0.0110835828628;-0.0612059512561;0.00409128910683;-0.0528050992234;-0.0733915173777;-0.0246306690545;0.106464077787;0.0694382690854;-0.0461069363372;0.012984577442;0.025748358299;0.0781508788926;0.0122192384583;-0.0310447321397;-0.0325129661815;-0.0910766035736;-0.0101031914074;-0.0354832555704;0.0611794692361;-0.0786032417198;-0.153718600742;0.0303266745819;-0.0159711539559;0.0263883317706;0.0808459051968;0.107121262974
0.0255590077935;0.142148609404;0.063227825616;0.0929014818686;0.0633360443523;0.072468714333;-0.0248098885858;0.0139159909134;-0.019275215037;0.0125944964991;-0.0255569972872;0.0892725064748;0.107887307605;-0.209911686314;0.172725877309;0.0337996036063;-0.039372996325;0.0362822432694;0.0457077890493;-0.130265835068;-0.0258283420706;-0.00501510908235;0.0167242906767;-0.0163723257136;0.0604314498659;-0.0887112486559;-0.0623615105277;0.0855091249598;-0.00616616454782;0.0651053756417;-0.103872405822;0.0172828192868;0.0709180674354;-0.0583127668469;-0.069037565145;0.0528536522266;-0.0817175994527;0.0111236304865;0.0345725401488;0.0342054558838;0.107439320992;-0.0294340819442;0.0479403937747;0.0487007810969;0.0890773580791;0.107220876911;-0.0178669617838;0.175234363767;0.0272832878601;-0.0474610214732;-0.00371964718529;-0.0821148052699;0.02199698883;0.190074667195;-0.0595188040899;0.214291182381;0.0171247796019;0.0165813312379;-0.0562627075534;-0.0485425099112
0.0174041206501;0.0393841576986;-0.0663577617711;0.0545693362389;0.0303088271924;-0.0822178990197;0.0467738624816;-0.0827541098638;0.000996161963073;-0.0385597636912;0.0152717700072;0.128421029181;-0.0775694846764;-0.150531167984;-0.157656331238;0.106429712625;0.0429123404437;0.030489803694;0.0593381351792;0.0717065824288;-0.0191217879456;0.0169535061664;-0.0558238838054;0.0420077656818;-0.172216553813;0.0128632563822;0.00887094639088;0.0867700007826;-0.0198970174994;0.0650766018249;0.243704756377;0.129405784994;0.145390889254;-0.148348313263;-0.0410820664858;0.195065995546;-0.00189999131047;0.110787772536;0.00345192822909;0.0245013665767;-0.0369277342792;0.0773286992414;0.138151269919;-0.144909205754;0.116216561854;-0.0345946984412;0.00507249102294;-0.0903422938224;0.0389469259391;-0.148794044399;-0.105123772793;0.0170722365423;-0.0139330709559;-0.0214252256513;0.0409250259488;-0.228202361342;0.0607211996707;0.170689813363;-0.162885022454;0.0270820082651
-0.0209744354131;0.0727424139001;-0.095176943318;-0.0795676656065;0.136977008276;0.0110827449286;-0.0375750348443;-0.0352140466375;-0.0232650372918;-0.0276076732058;-0.0174645231247;-0.157460384955;0.128128658014;0.130106812833;0.0416459650325;0.0888354458994;-0.146982818162;0.0806870737282;-0.056957870076;0.238065661379;0.0398588207605;-0.148495158124;0.0220124659615;-0.0678990909323;-0.0645965081456;0.00721903279401;-0.148088466267;-0.0289996749147;0.0535484115639;0.14229608696;-0.199382304579;-0.117627368013;0.030204470798;-0.0455716672553;0.261526890381;0.0429273003922;-0.0164643664352;-0.0907431228552;-0.0199924336563;-0.0438857285154;0.0531220204857;-0.11529456773;-0.133636149092;-0.0224128070701;-0.143261933591;-0.00728327755849;0.0763840033092;-0.117359508959;-0.0734752279683;-0.129133548287;0.0745121752813;0.159685299904;0.000998184052265;0.0250899960131;0.136102484854;-0.0142052507523;0.134341744352;-0.0715206263987;0.0693024780917;-0.0481402490449
-0.000991806061106;-0.00986024543803;0.113511511957;-0.0463037977378;0.0929229725744;0.0499326897207;-0.0308960580549;0.0661138573758;0.0810831158326;0.00751330128022;0.169718235873;-0.0146152381773;0.013678097722;-0.0259788056305;0.161565963968;0.00261009941122;0.0938460948281;-0.0289406915122;0.0166540528125;0.0415385780833;0.0275694382314;0.0218098981798;-0.0814667861136;-0.0163210286539;0.121222471134;0.041682843599;-0.0643072359225;-0.0238647067981;-0.118990032757;0.043216896655;0.00112784198192;-0.175409991497;0.0333106210845;0.0103610418029;0.0369368409737;-0.0987060100777;0.0214538196642;-0.0129503810735;0.0622614109286;0.0100332791607;0.0204516930575;0.00303835578699;0.0600964123127;0.0285893250811;-0.069046011943;0.0312055950557;0.107203769848;0.16142107084;-0.107044234824;0.0556474927476;0.132443184048;-0.0196650276216;-0.0103205876904;-0.160614948131;-0.0936151869794;-0.060276766842;-0.0165273751181;0.0143644303867;0.110605431589;-0.0357974988745
-0.0901656134633;-0.026472195899;0.00238757105916;0.0461357002546;0.00639557864375;0.067645254014;-0.0572597747825;0.104735114229;-0.0229078848311;-0.00168110807285;-0.0868951174322;0.0275116655738;-0.0848595726901;0.0931096798176;-0.00579993140487;-0.0155891509131;-0.0859262163956;0.189663779913;-0.0373857779017;-0.0181423671537;0.0567936613966;0.0510489203379;-0.0515819087952;0.0476519298555;0.00876903105722;0.0465525578569;0.0841018278322;-0.0159704764854;-0.0646183644065;0.0159132827582;-0.0287732430266;-0.0467955843104;0.0989385898678;0.0917838923163;0.130470003959;0.0512759091692;-0.0648542516834;-0.0619068098457;0.22026552596;0.110234385675;-0.0493573294223;-0.0776428019324;-0.0574473156226;0.0224193174496;0.14553628399;0.221007298337;0.0116492643858;-0.113713083834;-0.00589484988509;-0.0944519055501;0.0747297489299;0.0915295049374;0.07745952453;-0.000976998125301;-0.0456656945303;-0.0285270392662;0.025631415134;-0.0430235161812;-0.0558784064387;0.0753117256449
-0.0649754828634;-0.043934483039;-0.0890632195772;0.191618422678;0.0354915706783;-0.00672314299878;-0.0267751581621;0.0095043579772;-0.0264259123805;-0.0431683329391;-0.00413332973027;-0.113178362571;-0.00159877636256;0.0483106328734;-0.0501741386551;-0.03979322102;0.110914127704;0.124416950462;-0.194754401889;0.069798905298;-0.0589725795154;-0.0295141086425;-0.129461257852;-0.102888894882;0.0738160209593;-0.0685084901083;0.0132194041723;-0.0634615965508;-0.0693763703374;0.0793928471619;0.0225297911007;0.0179089453609;0.0313004534243;0.0315544012046;-0.0619921797092;-0.107076555165;-0.000479160024878;-0.0689414083129;-0.0696462037388;0.102634012631;0.0708719301303;-0.0119398492147;0.0194699632163;-0.00513802400538;-0.0432038994146;-0.0627633542048;0.306920999694;-0.0308074673873;0.087183784989;0.0255673681874;0.045699688497;0.0212380602089;0.0389353572436;0.02980285589;0.0731215918684;-0.0264074334355;0.0895771210483;-0.0578886920013;-0.0443182905475;0.064848377863
0.043803560745;-0.0699207586348;-0.0333165605579;-0.0208093334839;0.0176166268295;0.208530776929;-0.129048406549;-0.11970086697;-0.118585469181;0.149543811246;-0.0180184564584;-0.0105030517762;0.0613005800452;0.0748998995863;-0.062197663795;0.0868273868812;0.0612388558539;-0.0669054452881;0.128196895145;-0.0835251060627;-0.0193381643222;0.0235392326225;-0.00697930590599;-0.120967269481;0.0535245135932;-0.0398065045779;-0.023991664575;-0.0931722522858;-0.0359182249593;-0.167673042368;0.00312132022538;0.00637870081841;0.0139756499681;0.00776247904096;-0.0768476153007;-0.0378366115774;0.0440836954227;0.088006725817;0.0854830644549;0.0628474730133;-0.0186001356158;-0.160534771838;0.00418678504951;0.0558836403358;0.0178740984729;-0.15959295798;-0.0150780299425;-0.15391463711;-0.00688662674575;-0.0459857009327;-0.136555012249;0.0622976250317;0.0897789209935;0.0474299364634;0.186468542637;-0.085610507497;0.0921276252945;0.0796486594741;-0.0120257707097;-0.187421507314
-0.0155741902327;-0.00183600899023;-0.10858782649;-0.0341313918682;0.0632362278344;0.0273267014172;-0.143693329068;0.0270829356149;-0.0519102978842;-0.105771126435;0.112024982245;0.064753971103;-0.114277106524;0.0363610504043;0.0376401614993;0.0696254435441;0.022362310173;-0.0810778622272;-0.0775376658269;-0.0278631405118;-0.176643695287;-0.0555717858257;0.0115550364099;-0.0605354026568;0.08129058568;-0.0976943823292;0.115048612293;0.058097830572;0.0356233674388;0.192692587428;0.114462347125;0.225263783417;0.0204797125112;-0.0518191990956;-0.087029233761;0.0427002128199;0.0251366619108;0.0508608656631;-0.148183993302;-0.0955729441129;-0.183183984961;0.107117804396;0.0816187898401;-0.0592233075941;-0.0904080070439;-0.0188371709234;-0.0746710189549;-0.0145496871874;0.0442774264311;0.0474328855886;0.110847329897;-0.154087108755;-0.0053911665922;-0.0494089399356;-0.107907132425;-0.140817292502;0.215508773214;-0.0758435239017;-0.0228153925187;-0.0133871762038
