-0.0913475235628;-0.0176224729761;-0.0828537411468;0.0772452038272;0.0723012356337;-0.0416327973234;0.212989105938;0.132986893826;0.107894157925;-0.053629141037;-0.084535802049;-0.120694694885;0.0206992238177;-0.0609047946744;0.085484247699;0.0434448357582;0.0166929101367;0.195491640413;0.111327392608;0.00845452107906;-0.0210957341996;0.120986412351;0.145113760293;-0.0943252369627;-0.0708731363847;0.0656822013999;-0.138184764352;0.00408505252385;0.16695299801;-0.0726005288852;0.13804069787;0.151957509491;0.0922711683712;-0.00937078318502;0.0232761287039;-0.0224421442146;0.0220536908506;-0.147077624262;-0.0855536521052;0.0344172636002;-0.0431125359124;0.0281241510558;-0.0631985117206;-0.0438960738726;0.190615896791;-0.0259833410541;-0.139577304644;0.054262268605;-0.0800376699442;-0.0359946760809;0.00893375082172;-0.0864482248066;-0.0302355880391;-0.0257071830694;0.146011794283;0.168664149628;0.0249399728255;0.0301488549642;0.0013939170263;-0.171488576387
-0.0194280597984;-0.0181524837552;-0.133822557604;-0.0249187346016;-0.0351443676404;0.033303235822;0.02648846561;0.00484933398976;0.0222620717492;0.105902212407;-0.0484051321505;-0.0617679489052;0.0174956631561;0.0586728641061;-0.0643055189748;0.017933316653;-0.014939402948;0.0534959224807;-0.021764279542;-0.0693944804661;0.116509200306;-0.114040310698;-0.0841637111225;0.0787106843922;0.0724200132632;0.0533660751105;-0.210670715007;0.0235788245668;0.0892710231301;-0.0315210374182;-0.207640570576;0.0506794985808;0.0970250524984;0.0218280192211;0.124542566385;0.0120180893615;0.0160941996801;-0.0326626206988;-0.0979546631959;-0.0105958345526;-0.0872462301784;-0.039269951544;-0.0255099736236;-0.0170258268388;0.0184468449153;0.0148103293222;-0.0669760143603;0.00328498873015;-0.109689342243;0.0437993701116;0.0198913129257;-0.156097380524;-0.0568607711475;0.0716002321846;0.0100115675351;-0.059165720394;-0.0613638968808;0.0314057412724;0.0942434468569;0.166764344745
-0.0515695927203;0.0730459469062;-0.00147844212943;-0.00332827211249;-0.00907534592867;-0.091478396349;0.0743938897577;-0.0764071625057;0.0167020017381;-0.262903023712;-0.0129956302751;-0.150627533216;0.0318056859821;-0.111102707589;-0.0206680378934;-0.127418620128;-0.0377683388377;-0.0268881947467;0.21282253528;-0.0496898329447;0.043117269872;0.127516028966;-0.142459127451;-0.075245561995;-0.259009156378;0.163356916874;0.0217370506639;-0.0961471682837;0.0229766766471;0.198992864214;0.0301566333672;-0.0368614620077;0.0847851562001;-0.0268032184195;0.0634598992917;0.1735572089;-0.122424722281;0.0555590108956;-0.141121487801;0.0346966091058;0.0758398828833;-0.189873466502;-0.144971547536;-0.0785269827563;0.0240178283961;0.148349449709;-0.133390716085;0.0563563360173;-0.131471865553;-0.0635462904491;-0.0856336041748;0.195365268365;-0.0811859089829;0.0681727430791;0.167374242758;-0.19071344869;0.141627430139;-0.12281060221;-0.0477162910872;0.103139550115
0.0460079523806;0.017669905654;0.0318200731807;-0.0583968816516;-0.0654823634569;0.0192031650603;0.0164214269735;-0.0559586365618;-0.0050620411662;-0.0479456915551;0.0346491087321;0.0128502153966;0.15421767981;0.0723977665594;-0.13542704385;-0.0232396072113;-0.0340487093494;0.0358332499624;-0.0151946290513;0.0335998516593;0.0615560406996;-0.0967717676125;-0.0912455564944;0.040646154582;-0.0465420063913;0.316095137265;0.0279071337347;-0.122301889185;-0.129069681667;-0.0132583333158;-0.154789933963;-0.117553909046;-0.312233116792;-0.00818145894798;-0.0150171516773;0.132410587615;-0.0506021695997;0.114859507004;-0.11254916867;0.029738162866;-0.0826224701872;-0.0572885229359;0.138370664761;-0.138342952609;0.00391939884235;-0.0439921218976;0.152619038305;-0.178185210595;0.0870130376606;0.0988256814428;0.0369684613084;0.0981538847336;-0.0628698967237;-0.153881770892;-0.0783541601218;-0.171409931553;0.0153075499601;0.127776942739;-0.0303998236082;0.260490733719
0.00635718250049;-0.0438501572149;0.0191947086399;0.0106266745607;0.0548505433511;0.00235654071043;-0.0565873186894;-0.102569831191;-0.0475938651537;-0.177739815501;0.0795118569334;0.0849444469445;-0.0561077726266;-0.0130844561266;-0.0472413358369;-0.0149849962396;-0.0929736406676;0.146136115856;0.0015214110467;0.0651845608575;-0.0930918546652;0.158393663114;-0.0890273772984;-0.146535391471;0.0930022984642;0.0381404441399;-0.0848708554053;-0.0568495272969;-0.139419821072;0.0432116800918;-0.0498208558001;-0.113309015289;-0.0859769362574;0.0640383251549;-0.205456900453;0.172855072439;0.0693002910051;0.132425192335;0.0711197012162;-0.0227150934108;-0.0470158109762;0.0861860609009;0.0210755437228;0.0496256195242;-0.254831954883;0.0125498146547;0.274667204971;-0.0190544115252;0.117550960818;0.145168595888;-0.0167919529847;0.133652706748;0.0610275319514;-0.0397332668632;-0.0263673975409;0.0256810419634;-0.0979312768643;-0.0921874282809;0.122554878891;0.220496479491
-0.0188993322532;0.139774121559;0.0880773058968;-0.0706773061286;-0.0033608745961;0.136638099752;-0.118638067468;-0.0645501567112;-0.0429865213513;0.16943057262;0.00100228218893;0.0191777844829;0.0342890582954;0.224970760508;0.0515357799707;-0.109575909152;-0.0413553382484;0.00444544521902;-0.0675530491088;-0.0155964467402;0.0525295878208;0.0934801437068;0.0453616984953;0.0330326894408;0.0489811919667;0.113556189261;0.058553620378;0.0181167709007;-0.134167367577;-0.0691597550676;0.0674651364501;-0.0710398100794;0.119932899733;-0.0459212510318;-0.0124705106081;-0.127312764277;0.0227072922537;0.0899060914778;0.084616886436;-0.0536697476762;0.147569788051;0.00040085234534;0.0662928143077;-0.0204505971674;-0.183826726128;0.0322219330421;0.0210481441613;0.056047026851;-0.0904594669772;0.072519101736;-0.0709194816906;-0.163085007028;-0.0456301976794;0.0411111740749;-0.0281084181544;0.133899765706;0.170320587066;0.12142987864;-0.0751141915479;-0.18068783098
-0.0806618349988;0.0155348828893;0.10346186271;0.213545952322;-0.173184507362;0.0130041808481;0.0663635123928;-0.099250617758;0.0490003479759;-0.0663023029478;0.000943579732383;0.0090583500977;0.0157623387985;0.0431581606066;-0.0439682658939;-0.00775792587959;-0.237990288626;-0.0183605417509;-0.00623612575602;-0.294297150225;0.0382690029992;0.00487664339603;-0.104436702691;0.00576719031281;0.0374277952671;-0.116988538873;-0.189359933562;0.0303150700498;0.0717203631994;-0.201938750334;-0.349234674399;0.0929800989944;-0.583659167737;-0.0273846347752;0.215884795641;0.0391561101395;-0.0257883123044;0.101492743663;0.165266785841;-0.128236988224;-0.0465783279478;0.0827112293011;0.159219210685;0.0461195404648;-0.0210771672073;0.0917801667504;-0.151929266295;-0.027791766343;0.127123898162;0.141867675707;0.0477956936307;0.0719380439596;0.0275739376944;-0.0860683431934;-0.0631767247384;0.159096308304;-0.366520448716;0.203971895;0.269796894387;0.359694543272
0.00946825644674;0.107967451403;0.068846826553;-0.0118845939636;-0.102752785291;0.0563320236739;0.00338700124584;0.0189827648363;0.0475277953701;0.0872015593539;0.0284794818743;-0.107405608623;-0.136618796092;0.0328060978859;-0.0664437424764;0.0169827965574;-0.0863731875792;-0.0408339151803;0.00657490760473;-0.0324931489408;-0.0839595792312;0.0338025108057;-0.0230882139737;-0.0514465440402;0.0177553796838;-0.0215630355083;-0.0300959429666;-0.0261342989919;-0.039249881196;-0.266131829185;0.0460977306305;0.00929263866815;-0.0114913408534;-0.15439912496;-0.0578038643818;0.0224592516993;0.0024783044578;-0.0188739854021;-0.138895217333;0.054393922577;0.0591381815192;0.0925050621775;0.140950011036;0.0152034956597;0.0731477462827;-0.105464557544;0.0816282057291;-0.0519451160383;0.144176005114;0.0190900369961;-0.0119372873184;-0.0886362220768;0.0395775614148;-0.0647075341699;0.0149913249428;0.0772840205868;0.0227576149859;0.0607882468479;-0.0108492478314;0.135931435316
0.0230929897017;-0.0817543827393;0.0763970013422;-0.21856560575;0.0819572859923;0.075277190636;-0.0925135748099;-0.0913653863009;0.00681474994036;0.109101092212;0.039566585769;-0.00258288357959;-0.159669251029;-0.0071328327538;-0.118469328878;-0.0015634778022;-0.109789043111;-0.031266637337;-0.0348640427591;0.0331013483322;-0.11875343471;0.0319490685584;0.0200454587794;-0.115020737545;0.0954225536395;0.0687628452392;-0.0452086038571;0.0167266574347;-0.116739893287;-0.0416845448366;0.132299807401;-0.123040385894;0.356815378388;-0.128204024008;-0.146267688501;0.0100904343102;0.11500144528;0.0288751869585;-0.151030366643;-0.00505878310289;-0.0132225551868;-0.0909374369148;-0.0291426799592;-0.0197786488515;0.00435856834956;-0.0291183560915;-0.0741839874861;0.0265252963609;-0.0527748813459;0.0454912799399;-0.0456440558093;-0.210120317;-0.0163815309333;-0.0461666815598;-0.00622499075762;-0.0861715565915;0.150683074103;0.0679818534305;-0.13500040634;-0.126391697496
-0.0326406266425;0.00125093805634;0.0103104165909;0.0596989047903;-0.0954656859709;0.07844384881;0.0217195374788;0.0413910209574;-0.137800627227;-0.169049225612;0.0283872959147;0.00148880637642;-0.082843901319;0.173595089829;-0.00870453149212;-0.0414636591356;0.0784773921946;-0.0562639509759;-0.195295296441;-0.0438096877403;-0.0470712131187;-0.0204572062408;-0.0285400985132;-0.128546658415;-0.0465671018868;0.0872381346426;0.0701662289922;-0.0394896462372;0.041712591873;-0.0266968117988;-0.0515316325033;0.186524067649;0.0573808768869;-0.0928730223131;-0.0274170332528;0.14121746525;0.0429158238054;0.108423770998;0.0767736558748;-0.0459702963434;-0.0955905398527;-0.0722046755884;-0.0188175476456;0.0412948282171;0.00440659154671;0.132338821841;-0.0910760535516;-0.0557769114247;0.126291829768;0.20194963132;-0.0228692363748;0.0910070831094;0.0408263085976;-0.167555854791;-0.00645589663406;0.00701690219962;-0.0643835266668;0.0617183703634;0.0582826784586;0.0628115635433
0.115346252821;-0.033978316968;0.145329305905;-0.176791413465;0.0604697216875;-0.00786137237726;0.00317874806035;-0.014953271549;0.0417254539816;-0.12681927655;0.0054374799614;-0.0384255722192;0.0730257690508;0.0296661821741;0.0110978654559;0.00233961321342;-0.100209928934;-0.0221596750548;-0.00604089446717;-0.0270701143627;0.202001408289;0.0644104516138;0.0400536118396;-0.0110842230416;0.0714158815328;0.192438434023;-0.0708018875037;-0.063291401374;-0.102439739214;-0.107015876431;0.069221658128;-0.105311796484;-0.103506334128;0.0478344019989;0.0353456930941;0.0880118586451;-0.0603857373122;0.116178502525;-0.0965478578718;-0.0207447814988;0.0119783981167;-0.129938531057;-0.015996397327;-0.000573819176057;0.126841875852;-0.0412444912443;0.116355263981;-0.0823014205831;0.179539817563;0.0296462202168;0.111311968628;0.31222955434;0.0724541224253;0.110053703893;-0.095544435574;0.0217073329867;0.0464063227598;-0.0248744864943;0.0991656804818;0.0446405850184
-0.0364226442292;-0.0752423052544;-0.153691589949;0.0842370468257;-0.102249363807;-0.0096776264305;0.17363067492;0.0932062263164;-0.0625887295717;0.000613101824891;0.00994954337248;-0.0178751530946;0.156690420578;0.186075608996;-0.04449024048;-0.147720741426;0.147005385443;-0.141554776218;0.018012594089;-0.250945957887;0.0826681511374;0.00527726563825;-0.0605647174766;-0.083023999552;0.0892265791626;0.0621009809372;-0.0565194179726;0.14358112572;0.0140286103759;-0.095910012461;0.104274113181;0.175374977271;-0.0411319480911;-0.0745844393694;-0.00408320737935;0.0517835646036;0.113248272853;-0.0235216749633;-0.0282279430189;-0.0209338890254;0.00843173350306;0.0263322134236;0.0713223617555;-0.0162052388805;0.040181491208;-0.160430748561;-0.0186268267542;-0.0442121814571;0.0300348795179;-0.0379615018836;-0.0047009986312;0.0865145052431;0.0151203413536;-0.0583254674993;-0.0645925334384;-0.0187837357499;-0.00673246037972;-0.000221025619802;-0.00149132597105;0.0638258616669
-0.121504872509;0.00476545173613;0.0644700447882;0.0988538124226;-0.0922245551166;-0.00789489349943;0.0603636674329;0.00200023296884;-0.0661786094744;-0.155658442117;0.0401862382286;0.00199965725642;-0.108639319089;0.0168833791896;0.215175536445;0.0814223146657;0.0472974137294;0.153144739519;-0.0125794050592;-0.0394417670675;0.00395982010233;0.00668168963881;0.0934567407036;0.0146047535477;-0.0493380115055;0.266590244183;0.0463836239085;-0.0340604046075;-0.00448111982851;-0.00124748501503;-0.0576421296146;-0.0620395557952;-0.211117863273;-0.090308573482;0.108597314852;-0.0139582921695;-0.120282064888;0.0478445752191;0.1960043142;-0.00540026371076;0.163196971294;0.0127016219159;-0.18330552036;0.0648704930014;0.209335769586;0.0440580216984;-0.132299527426;0.031901714096;0.123937132578;-0.12391883238;0.0101433652372;0.11358844514;0.055049309838;-0.0520960986911;-0.0937081193699;-0.0328434339303;-0.00495613480291;-0.0907585573848;-0.033469485107;0.106144310666
-0.0405140754297;0.196377887051;0.0207205391266;0.0794620819206;0.147703410999;0.089884215696;-0.0403005412216;0.0708136725357;0.0594260055541;0.0281684748749;-0.0280378177637;0.0673971459264;-0.135863528039;0.0370044289886;-0.157916190728;0.0661048334228;-0.0646455104313;-0.161525675918;0.0446561607658;-0.0298649957931;-0.0395405893151;-0.0246262542879;0.0457653945545;0.0529268653623;0.0782725769031;-0.122977881401;0.216468301639;-0.132262411829;-0.180493049653;0.0221661062881;-0.111418669478;-0.079562794483;0.0467262817818;-0.0831069770231;-0.0878205273212;0.0460876094728;0.0900573956596;-0.0409940810355;0.032139922583;0.0302437691765;0.057430366811;-0.0489585111309;-0.138546222965;-0.127181129564;0.0502624785067;0.0811482098014;-0.00394896422601;-0.00467794113638;0.0263788268568;0.0350536001771;-0.045964729005;-0.124408927119;0.0838918414636;-0.0149752895014;-0.0289754133938;0.152945376378;0.18568443137;0.0783195786321;-0.058358287674;-0.0706135576872
-0.0447530106885;-0.0306973119112;-0.0973256444693;0.0186563343411;-0.0885822237132;-0.0866418715575;0.0879185342532;0.0571092430503;-0.0809595018483;0.0339366876099;-0.0565858792974;-0.109661726579;0.0398363416697;-0.180562643875;0.0003354207843;-0.186594166278;-0.00834061683969;0.0972849519221;0.108094819302;-0.127899419484;-0.0249951969189;0.127469869959;0.0454358281558;0.103360228709;-0.121819184526;0.112853164416;0.00178228124633;-0.127516957686;0.0380227396795;0.167719922732;0.015652468372;-0.139049830213;-0.15930101136;0.0836362915209;0.0519438213211;-0.0731482829637;-0.0347614506639;-0.0238432288374;-0.186330938513;0.018508311722;-0.00507300774802;-0.169600148155;0.0665860861205;-0.0730957207706;0.0488204326213;0.0683800611558;0.0529237640667;0.157718103703;-0.185791383989;-0.154333074886;-0.131710829642;-0.0186884081236;0.0028200560381;-0.0963172387436;-0.0715931047315;-0.061052211747;-0.0886040804794;0.167740043055;-0.0445476334781;0.190595059318
0.176079347052;-0.00426700929599;-0.048219175963;0.0363663369968;-0.0878175013419;-0.0474089345898;-0.0996642508487;0.0583303756505;0.103473438185;0.0265449512591;0.0413696148325;0.000497184459651;-0.0655975312465;-0.018148497393;-0.0119380369656;0.185588161749;0.0844976055014;0.0946850665897;0.0966437929217;-0.102069730587;-0.0386103370406;-0.0345232539454;0.177119232401;-0.0683541404644;0.13240662913;-0.286718250651;-0.0106629134638;-0.0591521915651;0.0279648891805;0.0975683464596;-0.0333991341198;0.0501934875568;-0.173142983271;-0.134253443601;0.120012140819;0.224495747655;0.175830367608;-0.0470649352146;0.0395080690234;-0.163090084618;-0.0560673781011;-0.0265956962367;0.0718339921682;0.000169982058214;0.114140609419;-0.124052767489;0.00808750677822;-0.0758453489336;0.0713111395505;-0.00488250266582;0.0224060003452;-0.19688647963;0.113279740585;-0.0421382270884;-0.0104190817707;0.260198214903;0.0253402388584;0.0508239428307;0.0674942600755;-0.106786087342
-0.063116307181;0.0364314872746;-0.0564715111933;0.119369752472;-0.173790988645;-0.144778393211;0.0383803721489;0.0157283284629;0.120944798637;-0.154777004413;0.00220515331844;0.0675381867371;0.00335802828569;0.00707728582655;-0.103813029581;-0.0252511424161;0.0831447109077;-0.0672485030679;0.084182764421;-0.0582652264396;0.164453628703;0.0547747965742;0.0168361448098;-0.104430076748;-0.107560852691;-0.00418495199226;-0.0348888221262;-0.168660670803;0.16637567113;0.158337581475;-0.0981237778029;0.0518703908476;-0.122942170417;-0.0923327155191;0.0727569879943;0.0463152375028;-0.0441116419236;-0.109471872421;-0.134401440406;-0.057449963323;-0.108066498405;-0.0818477081795;-0.219673527294;-0.00352501759322;-0.00332356940454;0.0114167885191;-0.12444542961;0.0317300494026;0.00642926660699;0.0488048321344;-0.087099473237;0.133094015925;-0.023900635805;-0.0769309776019;0.0176774501844;-0.120132035436;-0.139079895424;-0.0765325962388;0.048169102108;0.143019472897
0.0466714972387;-0.0919535991737;0.040493297422;-0.251990616796;-0.0262846629014;0.217259539542;0.0110527680872;-0.0612493033195;0.216571400764;-0.0350230360542;-0.0609874919188;-0.072388494663;0.00413064881879;-0.0934829074014;-0.178828642248;-0.0989188764764;-0.113112318898;0.025205730821;0.0524887898824;0.112439687436;-0.0404865760166;-0.037775495313;0.113530218983;-0.0621720723569;-0.0120385019317;0.0237103846245;0.0193887408608;-0.000780402488782;-0.131350699755;0.0617009077162;0.0628111520534;0.114697679627;0.171887319017;0.0881138735213;-0.0473059640877;0.0109073003019;-0.0833093474581;0.0143569877421;-0.160783794081;-0.109090349326;0.0727147582634;-0.145407577413;-0.00702314638327;0.0449193251671;-0.0488295923761;-0.0647280161256;0.0460391472182;0.15362553004;0.0780401025211;-0.144393189262;0.110412128764;-0.136281423019;0.156266366121;0.00756317363777;0.053801000794;0.117048580707;0.0156497639654;0.123259301132;-0.0581063310982;-0.0567783691339
-0.0529385552322;-0.0610421108603;-0.197109142619;-0.0203953862319;0.0824569627727;-0.120440908066;0.155828639627;0.0860527554205;-0.0951432320831;0.00537019251377;0.0339557625257;-0.036626470749;-0.0214724498453;0.0254351686635;-0.0341734734609;0.0455401814319;-0.0180700798135;-0.0451952772949;0.0501807051167;-0.0153649324088;-0.0217117674658;0.100822025733;-0.105746230566;0.00785740192339;-0.0181243743831;-0.0308694958646;0.0490414322796;0.0403230905869;0.0461954184059;-0.109113746276;0.0703517885211;0.00437254300943;0.141072624043;0.0130577534449;-0.0854119723049;0.0423408575895;0.0316251735026;0.0283352622344;0.0337394555646;-0.0275448646879;-0.0334002784794;-0.112174289768;-0.0235150646013;0.087853984873;0.0456260928295;-0.100021848181;0.0260498735519;0.148404958071;-0.0344214581788;-0.197985574315;-0.197822219156;-0.133882735487;-0.0833921645741;0.0570854715216;0.138507803533;0.125195647882;0.12197300432;0.0330795803283;0.0131662452231;-0.134665935917
-0.0287660826669;0.158079694819;0.22641844193;-0.202568091295;0.0746027404696;0.046475847033;-0.0691403811538;0.099694120494;-0.0997409183492;-0.048299034303;0.00271866353624;0.133577641135;-0.00267977634722;0.070264811624;-0.0286315056901;0.021037972639;0.121349129257;0.0769399630899;-0.0200878881991;-0.00728021038777;-0.0852796789855;0.0670729196613;-0.0355413089145;0.147814659203;0.0556954586662;0.0776961726444;0.00607278463338;-0.129553357303;0.113493448851;0.0375442434312;-0.108297466166;0.073260594026;-0.119696485466;-0.0466778447662;-0.0843109463355;-0.0224230226854;-0.104543079239;0.117775799407;0.139558825348;0.00507807134125;0.0883905319742;0.0695709330636;0.03084425388;0.0894763991458;0.0315481706751;-0.0163216315772;0.0806973556702;-0.149069495159;0.189688655812;0.108136423401;-0.00701066995882;0.104853755459;-0.116758399517;-0.152972031784;-0.0615930108841;0.0183771546393;-0.04646833093;-0.0457589291601;0.237410874981;0.144748307683
-0.0354914621207;0.0346908717548;0.15526895581;-0.0848545168486;-0.0633536678688;0.275740710937;0.0645313648922;-0.15302756175;0.129005676492;0.121940543902;-0.0897274358365;0.0309617726834;-0.0302109526073;0.0693474731344;0.161845117478;0.0544831804472;-0.0715294677904;0.0893777636663;-0.0426160074765;-0.00178368404263;-0.0912987908853;-0.0395764651889;0.0691397486171;0.110248727529;0.127310960186;0.0340014251637;-0.0628026273287;0.0696340916774;-0.0968699257198;-0.00465306072169;0.0240776924382;-0.00707842102171;-0.0663115233103;0.013466845814;-0.0568393531987;0.0529043792973;0.163412797683;-0.018184337595;0.11420700241;0.00263595579823;0.0154229725795;0.113761663867;-0.0411646610079;0.0574376269376;-0.0590566858919;0.00518777663065;-0.117246051879;-0.155000061191;0.0949859234336;0.0686053856713;0.0395062689256;-0.0457880483459;-0.048958948777;0.0375732287879;0.0914322402497;-0.0139460802324;-0.128333839557;0.0403825682195;-0.0329129994931;-0.135249239088
-0.0515187633799;0.13869400119;0.188184377149;0.120777315319;0.0110816551853;0.109758275651;-0.083566456976;-0.151673965158;-0.0241965539853;0.0605880801315;-0.0815254026947;-0.0190281643561;0.0452163107094;-0.0125411833434;-0.0824199522646;-0.0469561356784;0.101442007062;-0.0147884335875;-0.102397982418;0.00668051933364;-0.0797998415755;-0.00231441110197;-0.0882134560558;-0.0874228602465;0.0311914610407;0.00777493714912;0.0230213083434;-0.054864852694;-0.0057708236301;-0.127271432142;-0.161104920561;-0.0357961484144;-0.345847190087;0.0244761651892;-0.0549850271496;0.0788911484977;-0.0759267742805;0.0851310776496;0.00590412761029;-0.0695364297336;0.0935403263676;-0.0131609126814;-0.0915434674753;0.129858099444;-0.073618148059;-0.0744839100299;0.0292962748688;0.0564011220605;0.0723058376725;0.0300696285207;0.0497717601372;0.273702886181;0.0571984126494;0.0796272077987;-0.0817264350498;-0.00998788211828;0.119107260476;0.034045877693;0.0940294479826;0.225461501911
0.0698730016096;-0.0226769937748;0.0885603396586;-0.0311498668707;-0.0042835109754;0.0369324027781;0.0121647102017;-0.0810437175231;-0.00916188359122;-0.183599134712;0.00636880443906;0.0886303134928;-0.164176450585;-0.116335766834;-0.0265162813703;-0.0955370241555;-0.00576450024702;0.0951423767411;0.0265399580826;0.150371962027;-0.0157027106833;0.0465638039395;-0.0447406159638;-0.00749805486757;-0.11911814432;0.19958769997;-0.0526081386513;-0.03571403067;0.0262841414989;-0.0518932401611;0.0812878654101;0.0830215153475;0.0594310483478;-0.116706792559;-0.0250417598799;-0.0161773451311;-0.0838140361094;-0.00863880893739;-0.0443295506979;-0.0585156755268;0.0495681850841;0.0255245476106;-0.0849437588841;0.0699666572092;0.0434186161478;0.146649330807;-0.0401731765142;0.20885772847;-0.13294719312;0.0380202926359;-0.0116990147415;0.0185262301786;0.0258313707657;-0.0396814425942;0.0440023411405;-0.0593338226916;0.00443373850558;-0.0769255508691;-0.0755913036315;0.0226192442306
0.104384509552;-0.0219446142282;0.0503849347106;0.0713092706334;-0.0261878765549;0.0802398441346;-0.0462478395939;0.0229868785684;0.068154645989;0.117580665872;-0.0819053948292;0.094824878102;-0.0344509542431;0.0610142087675;-0.0881102404163;0.114622827798;0.0918435820508;0.150218003045;0.135974505312;0.0867282628503;-0.0828892380433;0.0963999196116;0.0657475611399;-0.125373809269;-0.136823851918;0.140090650627;0.0716025488977;-0.0865008965027;-0.116211597061;-0.0441885392442;0.131877025303;0.109096249178;0.130702887098;0.0413010267073;-0.0595558588707;-0.0382382179218;0.103276654392;-0.10938333666;0.086809669039;0.0633849584839;0.0515582689495;-0.168451369776;-0.0321137962234;0.00577962048899;-0.0961001883443;-0.015453100051;-0.0430013398677;0.0433225392219;-0.0760671069909;0.00486270498517;-0.10668628083;0.0817416004401;-0.0852466214989;0.00270049245229;-0.0769722002867;-0.0990191963023;0.116861716286;0.102325097975;-0.122108901916;-0.0609954279652
-0.0382532916128;0.0459001508906;-0.219145213619;0.247189731144;-0.103831862121;-0.0803389251925;0.0400921230761;-0.0827398027353;0.0660137141669;-0.0970242832902;-0.0892674925737;-0.0630140164068;0.0169619234301;-0.167095347594;0.00875113575074;0.00942745077299;0.0394359726822;-0.0483192486175;-0.198441600983;-0.185516566494;-0.0294829573247;-0.0959957646825;0.0380785211525;0.276839619178;-0.0134981081941;-0.04138864107;-0.119563686909;-0.00644244257577;0.129125601511;-0.0351027771792;-0.321653677964;0.0637427949197;-0.584660253141;0.155194661512;0.114990411209;0.0981048934669;-0.00187399266443;-0.036675200207;-0.218683069388;-0.0189897430987;0.0208052922308;0.0301704527732;0.0897914115286;0.0351205405541;0.185014959861;0.188601489122;0.00088804018035;0.075690636479;0.0658130334953;0.0540839119074;0.0700407672113;0.190690872382;-0.0197297092091;-0.217926292625;-0.0336974619705;-0.122160247349;-0.0833813511191;-0.123363031244;0.298139332066;0.184319622749
-0.0976094737435;-0.30493456153;-0.0698201297229;-0.0110399986682;-0.103351357048;-0.0354552729101;0.0828244129972;0.057488170384;-0.115065933681;0.0508952579349;0.100725121714;0.057699227569;-0.0518818641744;-0.0496884293568;0.0726152870889;0.0602858133474;-0.0305638195325;-0.0294059789604;-0.0400292753622;-0.0714105388344;0.0495553729037;0.0108598692826;0.156320584469;0.000558553052225;-0.209199401808;-0.0187755737786;0.141884645919;-0.045952675098;0.08562237217;0.00377475858209;0.132066325094;0.271599930839;0.247605239315;-0.0190401158398;-0.0599006369062;-0.139355823519;0.0114243667699;-0.118459427959;-0.0323806339663;0.0398564808096;-0.178147167124;-0.106050639701;0.092823386992;-0.0511702373703;0.083397692799;-0.14097439298;-0.150255045192;-0.0527885498919;-0.0610639690711;-0.307365453681;-0.280996319744;-0.0836843816304;-0.0831087967868;0.0735765284135;0.109997185993;0.0930406284441;0.14155140995;0.087571086577;-0.0704027085591;-0.0258228886445
0.196895769839;0.0878549143942;-0.006984710311;-0.0613469259719;0.00556438167828;0.0159479070435;-0.154492068108;0.075807255183;-0.0388964747293;-0.0367706943496;0.0608680821464;-0.0367034990268;0.207253276476;0.0632542314834;0.0237473604663;-0.118262471701;-0.0610985275278;0.041653355648;-0.00513711151899;-0.0101397926775;-0.0536300291813;0.00522715402447;-0.208165790973;0.148866400958;0.129009956044;0.105085557397;-0.127015243717;0.000196532772499;0.091720290056;-0.0493802261909;-0.159781253886;-0.120592891602;-0.18534273268;0.0361648903269;-0.167136051172;-0.0235340486158;0.0478787372293;-0.0621331387899;0.033863326307;-0.0183042129727;0.0678231501359;-0.041079155442;0.0430002973639;-0.06634014704;0.107098804151;-0.046640576072;0.20109589174;-0.116194092522;0.0359352522247;0.177398873584;0.0707689433187;0.0929616731802;-0.052793740614;-0.0289235769038;-0.0763865744256;-0.00366796748088;0.0618052861108;0.136767525773;0.0901603464547;-0.0167553902247
0.0510065022082;-0.00142598092069;-0.0833620985586;0.0545031292742;-0.311495158742;-0.168078430907;0.196534988979;0.278512506852;-0.0450564393945;-0.0683452481068;0.0338675689771;-0.0310134611338;-0.0955049697017;0.0212106334985;0.0221038352473;0.0503540423097;0.0246656610743;-0.0246267591282;-0.00192381030029;-0.10638092692;0.108314063501;-0.0321067794083;0.104903628776;-0.0169585911792;0.0219161703311;0.0185789061051;-0.125801097487;0.163981726258;0.113594786556;0.0122823588498;-0.0231390533079;-0.220817299977;0.0764812696863;0.0180250808547;-0.00447290217378;0.017173540197;-0.0888850749558;0.0252117188211;0.0164173933643;-0.00388128208316;-0.0563959870489;0.0374284368168;-0.0212778020653;-0.156418235083;-0.0838548991743;-0.077028960649;0.0997260709446;0.0502455409918;0.0396901003146;0.0253400984401;0.0518961930294;0.102471708801;-0.147978999999;0.00187935228034;0.104865679026;-0.00886708636106;0.114236407409;0.102671595875;0.0687643042134;-0.103827205902
-0.03086270507;0.0975848794435;0.270159555916;-0.0296265178071;-0.128425403583;0.0694020538407;-0.0907579975612;-0.0684390684772;0.0535844956337;-0.281065450611;0.214210948981;0.115692033585;0.0943500729056;0.0764434240381;-0.0854669603851;-0.0282239005609;0.15921352108;0.0328916793202;0.0252684538242;0.00578313865913;-0.0622904870649;-0.00283432469169;0.0127313108159;0.116776696347;0.162294497741;-0.0932267535798;0.000617395590595;-0.0271588771962;-0.111054760124;0.0211432677171;-0.151047226077;0.202976245471;-0.102258830722;0.000493808846541;-0.0943334829685;0.0518980883914;0.136069817179;-0.107541229048;-0.00863287027587;0.075006423957;-0.208607820697;0.0335259126113;-0.0421861995226;0.0926872646826;-0.130847674764;-0.124442386676;0.0235978069387;0.0835558908304;0.00217229226777;0.102611224886;0.0498607565366;-0.0317580594376;-0.0234248286011;-0.0283589369901;0.0017113894081;0.00203403721879;-0.0301493401057;-0.094563732956;0.186937031672;0.112340884303
-0.0454063770131;0.0484103226847;0.049510896898;0.0939563648486;0.0485130391066;-0.105288648764;0.048303341647;0.0551997398631;-0.0183136885872;0.0966065758426;-0.103200947681;0.124190698244;-0.136689280982;0.0269966979712;-0.0662967963189;0.0519506825725;0.131377683744;-0.10620544897;0.0532708563428;0.0143238556277;-0.0993039594689;-0.00742459752867;0.163074366034;-0.122072514603;-0.0408298043443;-0.155516730819;-0.0974106006275;0.0381685458337;0.0679627749036;-0.0370936004221;0.0825084813147;0.020909633213;-0.0852460504832;0.0419117828909;-0.0527450023144;-0.170636846835;-0.0729255019041;-0.107013131161;-0.0801356737673;0.0468212430064;0.0650751698565;-0.197871738947;0.0892404371686;-0.120874796477;-0.170134603187;0.0465345082214;-0.00299088721596;0.145832618289;-0.0158075446395;0.0141066074627;-0.0844145831546;-0.0423511542156;-0.0510034957254;0.058165073763;-0.0100804939514;0.120365227998;-0.010614730306;0.0427214745885;-0.0649817193849;-0.118799295163
-0.0145803089476;0.00937637986956;-0.191792400804;0.0494036600434;-0.0187689405586;-0.0412051801289;0.0925380765629;-0.0043769333982;-0.0592372393004;-0.0498575461591;-0.0590134037984;0.028233756368;0.0370814440062;0.0473440273482;0.0449934952911;-0.0782565105256;-0.0304527984103;-0.0797879949841;-0.103349747585;-0.0448575450039;0.0483820308102;-0.076155412851;0.0700132327322;0.158766582484;0.062229394076;-0.00479355510155;-0.0798747668692;0.0335381466282;0.0519960481179;0.0422854812105;-0.211191530841;-0.0038383089699;-0.409276722033;-0.099811963955;0.114080226438;0.0530854733164;0.0196458055891;-0.0296173634308;0.0566960604104;-0.0351004644583;-0.117054224639;-0.0616043085141;0.00605612289589;0.0249930740891;-0.0704840482209;0.109170813581;0.0450698498161;0.0429971194324;0.0880796796435;0.078570481334;0.0301411941757;0.0631985117522;-0.102908856585;0.099725164142;-0.0261552385509;0.0469179336093;-0.0553195410249;-0.00880324642364;0.219855904702;0.361359483171
-0.157201503664;-0.107052181987;0.077277113848;0.126561740724;0.000507216524534;0.0850756681896;0.00799519754267;-0.0699722720291;0.0384856763892;-0.00262314825776;-0.0223296542871;-0.0952499968689;-0.104426949948;-0.0735277390407;0.0853364001032;-0.0636626668569;-0.0953081844491;0.0409853882083;-0.0127107023847;0.146195304067;0.171812480408;-0.0512123379425;-0.141904552191;-0.0964565861058;-0.00559552568999;-0.0607933355353;0.0748945694723;-0.0665949513275;-0.0177831648012;0.0441806390333;0.165008874833;-0.0812968038179;0.092964250216;0.0302318195762;0.0414102570489;-0.0912335845276;-0.0376798767865;-0.0236642347049;-0.0152159644847;-0.0993692603305;-0.0118299931035;-0.0276816757925;0.0369008423167;-0.0296724724274;0.0965937731465;-0.116017930819;-0.1800784564;-0.0163245904892;-0.049132417432;0.0634814175799;-0.0194904877189;0.0177514664715;0.0267612163858;-0.0795370639029;0.196128956154;0.072225359026;-0.0344253770243;-0.0196991619029;-0.00518261063698;-0.0185401369345
0.107349864941;0.106927414734;0.0573177328611;0.0656757843882;0.00418672014347;-0.00120006581925;-0.0314758970073;-0.0575399303548;-0.0394753692377;0.0232036472685;-0.0630579138056;0.204851812191;0.107386452832;0.0822766900024;0.0855254826934;-0.0178068378367;0.11030148972;-0.241552565709;0.000874572021201;-0.0830805616112;-0.133467302601;0.0527300612713;0.0213302888013;0.00661710478728;0.15638442315;0.205014475953;-0.0504581825303;0.0254121983999;0.0138250104526;-0.11012992611;-0.200064716247;0.059499617952;-0.324591372055;-0.0586840317176;0.034761506526;0.123787164027;-0.0959264305157;0.0162500869305;0.101927333221;0.0130105794988;0.0683217638966;0.0872407744047;0.103485652042;-0.060760697627;-0.0144020834865;-0.0352891186352;0.115121501342;-0.108292149189;-0.045416714413;0.0315774290603;-0.0926205966176;0.0591169183465;0.101649841728;-0.17167331586;0.0869340036504;-0.128161673202;-0.122599608207;0.0427806462854;0.0635966895834;0.146184176253
0.0895734754558;0.225282220589;0.210498281792;-0.0593824269567;0.012157265634;-0.0929132005796;-0.105061430128;-0.179698355439;0.0387797710753;-0.156294872881;0.0288021383569;0.147212404152;0.0616289212206;-0.00627378345388;-0.096153367687;0.061952122571;-0.0472309201538;-0.120604430215;0.15246794797;-0.0214985955863;-0.135247897625;0.0532376864975;-0.102868794081;0.0164234223237;0.0584396799361;-0.124498574991;0.0226757254704;-0.113393469248;-0.117450517586;0.0204484321983;-0.0137976662805;0.102596827065;-0.196897828861;0.0180724217395;-0.0396609115031;0.109713165657;0.0638312726691;0.0297806532148;-0.124529157396;-0.0614307312049;-0.0961008732896;-0.141603339527;-0.00205108242509;-0.0433464250873;-0.141553173735;0.137551743534;0.041371190384;0.208670503025;0.084865667555;0.178653459518;-0.0259244322683;0.000863397246322;0.182800125049;-0.0100597474935;-0.138444624863;0.036524694692;-0.0371917226358;0.0960795615599;-0.166219501184;0.221859026406
0.0637495519768;0.0889345258583;0.147766991792;-0.0437544272929;0.103748282876;0.0910082509784;0.0726010596916;-0.0690410728871;-0.068232189843;-0.0633345367367;0.0770236207258;0.0934580413919;-0.0280518271429;-0.00779685483174;-0.0158947566874;0.0165559264881;-0.0291651122084;0.101202121485;-0.103509295054;0.00438040889961;-0.0675875581778;-0.00915335954113;-0.00654593102091;0.0209108652822;0.0429166013079;-0.0871281766608;0.0807867052632;-0.0306009851166;-0.0328698766843;-0.0949574457463;0.0291726037684;0.0968908598267;-0.0367639420205;-0.0587688249366;0.0118639304712;0.0101653497866;-0.0104289214081;-0.0741965490848;0.0189405870825;0.0797335901989;0.0213132189489;0.0316183187859;0.14281646433;0.0174993324252;0.0300371847247;-0.116154503021;-0.0784154595802;-0.197019398252;0.081782234902;-0.0855382817686;0.0643381749549;0.101659886943;0.0224190040684;-0.0443302913433;-0.00361038041218;-0.0507248844084;0.14291144285;0.0464605612435;0.0773436113485;0.0638569923737
0.123671852715;0.0784573807319;-0.0346918188561;0.173407041332;-0.0305943602786;-0.0647662116386;-0.0233533011604;-0.00174522696118;-0.0936149270601;0.0903507114225;-0.0598193711572;0.153435745168;-0.110205698097;-0.176327728253;-0.110563086562;0.0818322695888;-0.0586817280569;0.0701889193897;-0.0271439966379;-0.116393503586;0.0879149663664;0.0253762260959;0.0756139571839;0.109866384113;-0.0544839740556;0.0301888474469;-0.0160035558946;0.0169430293632;0.20636638088;0.0738204138297;-0.00702766823209;0.100349581972;-0.240926786535;-0.0509159608017;-0.0287160140474;-0.143195074975;-0.00137462066475;0.0902520626193;0.0303515683417;-0.0406725113948;0.0647789321557;0.0465154101275;0.156736206771;0.181351092277;0.0826745595069;0.00875640811242;-0.046259902826;0.0813942871515;-0.158802413201;-0.0157137895684;0.0500922575821;0.0419539188702;-0.0845655402151;-0.0456969454378;-0.0192543451866;-0.0862889306884;-0.114039032483;0.0342492654537;0.187723729025;0.223045716087
0.00444126923551;-0.0639538897176;-0.156882208819;0.0886015367739;0.0372333278964;0.0692429588947;0.0429196572535;0.0290617159079;0.0230143611081;0.0705742906024;0.0431412500274;-0.113666091833;-0.0172360979887;0.01546568866;0.176016146694;-0.00138544772094;-0.1107341397;-0.0158999792482;0.0429383359515;-0.0520591681287;0.0472776927991;0.0628171402624;-0.0918918523588;-0.135647084075;0.0728228776298;-0.0336657830528;0.196532281704;0.0352129675069;-0.195596819093;-0.0178988184932;-0.0035506046092;0.0875276102719;0.028261851954;-0.105347105514;-0.157301288358;-0.0701042549913;0.115926377884;-0.0208998921749;0.105323868905;-0.199821723118;0.0310661240837;0.0100558276313;0.0240708842137;-0.0160650297725;-0.224508328736;-0.0444606193468;-0.0461622322366;0.0759174138948;-0.0103376768517;-0.0121937678921;-0.0840419654242;0.000851381285763;0.0427953997162;0.0280567528159;0.0265087622482;0.0319321523092;0.0693977146005;0.0231436716738;-0.339645194105;-0.130645393739
0.0390451759876;0.0769656493641;-0.0411240234763;-0.0396637024489;0.0180430861836;0.0833962464889;-0.110272542575;-0.0478088940472;-0.0541852009987;0.0754318023744;-0.0200817052416;0.0205884415611;0.0181212995195;0.0873609652887;-0.0564177866893;0.0763406138834;-0.0603288198082;0.0528713656192;0.0967966262914;-0.00808771670507;-0.0212734165654;0.0727188227124;-0.0444432169836;-0.0030230105769;0.0682255639852;0.0939027539352;0.038198329357;0.0870693400596;-0.0275533576924;0.0934106428616;0.125766869758;-0.0636186721716;0.135338762072;0.145774438108;-0.00682145772729;0.0555447259246;0.062541098027;0.137785229695;-0.0122329476209;-0.0143063332783;-0.208907734254;0.0165309403427;0.0976665840349;-0.0288813887744;-0.0589200382009;0.104374890108;-0.121974167801;-0.0225167815758;-0.154510844428;0.145369155436;0.001968152993;-0.158961156635;0.105236766786;0.0413839964234;0.069113720195;0.191229532627;0.0602354646484;0.200269777233;-0.173643850348;-0.13368430115
0.024920231227;-0.0144372980875;0.00938613275048;0.0100306859923;-0.0217335432131;0.0882899940607;-0.0532155014195;0.00868882454546;0.068417569187;0.0729408995505;0.0246186194715;0.0797177002901;0.0224050484936;0.172386910377;0.0830775293968;-0.128392236341;-0.126200907846;-0.224508416266;-0.16669411174;-0.000365690580206;-0.137612538662;-0.14546122813;-0.0318555559493;0.131405935121;0.0221858774375;-0.140985483344;0.0839320584839;-0.0391579152711;-0.0945914805421;-0.133701120982;0.0869130169092;0.0640286357642;0.0176032946103;-0.0291669226136;0.00510519716846;0.0317958864706;-0.0375439215261;0.180093612933;0.078608007159;0.0302628757259;0.0943332100638;0.0805681817005;0.133471055344;-0.0390190852139;0.0155998911413;-0.127248630008;0.0491248289534;0.11845154903;0.0962512100413;0.191540470392;-0.0226248054051;-0.108235699608;0.0473959588251;-0.120549307092;0.0270827980064;0.123624824443;0.0298214811498;0.13628546499;-0.0576275700175;0.027481864959
-0.0499220657328;-0.0447281561487;-0.0941879365995;-0.1087055032;-0.0928307601703;-0.0329860792438;-0.0498473771836;0.0316076900059;-0.165309617221;-0.332198139844;0.251817972136;-0.166996365463;-0.0216152328034;0.0477388633026;0.0080233276106;-0.00678604711168;0.102187267496;0.0327627483927;-0.107320597114;0.107634275347;0.0201495694324;0.0939004663202;-0.240704202425;-0.0817924459675;-0.152291969952;0.504629680881;0.0303959086857;0.0768152328496;-0.108781613337;0.0356923016176;-0.0464976947696;0.019958176754;0.0395094155957;-0.16285396998;0.0616480555626;0.00365315640757;-0.258492737778;0.0693265997783;0.0102145514393;-0.0624658412051;-0.00868462627385;0.145812723651;0.0338132676714;0.0832187341997;0.0233251695003;0.0384777577981;-0.00907265121793;-0.00955529425536;0.0654873921369;0.118542603053;0.041029093844;0.0908668314592;-0.03244025075;-0.142329504768;-0.0234041789351;-0.223643997814;0.0704795444662;-0.302439353995;0.109139881279;0.112636939455
-0.127316580729;0.137857165629;0.0454566313578;-0.0916869672917;-0.0645831770249;-0.180083327414;-0.0455337332038;-0.0431753998745;-0.0855738611903;0.0698495074785;0.106339226514;0.188820074314;0.00329309253993;0.00806777804821;-0.052804453245;0.00361962653678;0.0500278112482;-0.0893876824981;0.160953775578;-0.0392907142522;0.056548357405;-0.126794214922;0.0103734606294;0.0688332312353;-0.0627664005742;0.172646887011;-0.0292543573479;-0.132984070674;-0.0779908096992;0.0135492262133;-0.0364534849578;0.0156319235133;-0.000335013613677;0.0736831503084;0.1201305753;0.00380360898901;-0.0824337296107;0.190418082979;0.0286678286567;-0.083053256242;-0.0082630643435;0.110637425107;-0.0210330580197;0.0721039302137;-0.0936003264835;-0.00898690224672;-0.0513067587895;-0.058803655938;-0.00263844224196;0.0455213193123;-0.0965972963117;0.0404054575591;-0.046912259755;0.00763465819448;0.0851849541922;0.168396811615;-0.042843265589;0.000592117479637;-0.0379273420487;0.0905295276268
-0.054776316841;-0.126792940769;-0.0215236451734;0.0359429475336;-0.0687744199014;0.0279037596485;0.165484131717;-0.0015345624189;-0.0830405269299;-0.065609355914;0.040625955148;0.0634101499218;-0.0333464139852;-0.0107126881635;0.0252160405904;0.0439371527535;-0.0870043376764;0.144486960722;0.252949438389;0.117656980659;-0.0484776123544;0.0807941758355;-0.000125105158534;-0.0285561908575;0.05442912398;0.00756419411415;0.0782606528003;-0.130641790844;-0.118717692285;0.0824051715504;0.133270774696;-0.237206411117;0.315906934462;0.0113621684933;-0.0625979329206;0.0367866658121;0.118149097138;-0.0963882190597;-0.112480517084;0.123235037383;0.0784180143004;0.0640556608714;-0.0387619934208;-0.076448452429;-0.132039617601;-0.0595374358815;0.052206609663;0.15073289864;-0.0533837408214;-0.144049686808;-0.133103283908;0.0899179304129;0.0562470125685;-0.1032330202;0.054181649196;0.106370884272;-0.0059372053128;-0.101424537195;-0.0792892994348;-0.0400720382078
0.000931781835491;-0.0943722284972;-0.0372515205756;0.00442121035285;-0.0268403904451;-0.00106812002976;0.110319253005;0.143915361958;0.222728194552;0.112572131;0.0586816980056;0.0453888223502;-0.00648181754407;0.200436285217;0.109976190853;-0.0750996493721;0.0925653730381;0.0322662843182;0.107044050959;-0.0224568854123;-0.103365172455;0.0560065607861;0.288873731513;0.0105811732811;-0.0347183135187;-0.0235028049598;-0.089503400895;0.0876842794718;-0.0658434527253;-0.117630156077;-0.00463856543795;-0.106058070425;0.0171078979412;0.0104401146409;-0.0177853255039;0.10434160493;0.2033567755;-0.0867887140235;0.0984077648536;0.0427490145583;-0.113081882476;0.0378508527401;-0.00299644814712;-0.100809926665;-0.013274952373;-0.0538591309742;0.141322334579;-0.00447299890235;0.0237852589433;0.0145606099634;0.112205003099;-0.0581178284593;-0.122812132678;0.0218057004085;-0.0769878497574;0.0454371764207;-0.153401685826;0.015663212125;-0.000902985876324;0.0439996684843
-0.0192829786671;-0.0295704256387;-0.00481973977712;-0.0253673194269;-0.00756801481946;-0.0347863169696;0.135388293886;0.121773537557;0.0719610489335;0.00747268300584;0.110535355185;-0.123400098128;-0.156205803979;-0.0657892869882;0.129990731851;0.153891646191;0.0118168306215;-0.11974310167;-0.0079323325841;0.0791993075025;-0.110828109631;-0.0309600157099;0.195897363215;-0.0730962846225;0.0311184228217;-0.127397574789;-0.0542352675243;0.000734630312064;0.0724675494569;0.00923068987954;0.0976848995745;-0.0702632913725;0.240169855372;-0.103660712611;0.00638178385874;-0.213185378724;0.133918974196;-0.142087868865;-0.0637484632383;-0.0880577510587;0.0454064003107;0.118021306791;-0.0832615241484;0.0953770584783;-0.0437877659473;0.23927845205;-0.0236471555753;0.0702855921956;-0.0498602266954;-0.0247768440927;0.0939442614632;-0.00831972545636;-0.00302894592248;-0.0620571995733;-0.122677541687;0.0733952866861;-0.00792245915061;-0.210127546061;-0.110505652724;-0.0408772417484
-0.132891758995;-0.0605383662179;-0.104024889101;0.0694151245609;-0.00800095123636;-0.0189262444864;-0.0407073075801;-0.0201679413589;-0.0879422213621;-0.296281567547;0.237706577657;0.0750854912163;0.0352703518779;-0.0491142967963;0.0332465435753;0.0206965827652;-0.0198471651487;-0.0307043527162;-0.0291310032356;-0.00640752419266;-0.0427664517967;0.0444724897926;-0.00974303481954;0.0741190923306;-0.0561415509249;0.29816888552;-0.0893811978785;-0.0308523731217;0.0455881396817;-0.0765937039123;-0.138710006265;0.0925294278388;-0.0532394531988;-0.227203199062;0.0170595231841;0.00230905156985;-0.152125983584;0.0291907685571;-0.0680590754604;0.0208349141948;0.0594269618629;0.00796545330924;0.0144665035907;0.0443603853798;-0.0282486109246;-0.0631468196173;-0.0160106051152;-0.0669570741108;-0.0250114044073;-0.0534084265609;-0.0116779991538;0.29413922018;-0.0385718387193;0.00621313560895;0.098013035403;-0.164921510839;0.162851798087;-0.164600196966;-0.0128649131994;-0.114599265913
0.0771158199153;0.134656619121;0.139604145916;-0.0982365251022;-0.0172803953857;0.109939413994;0.0623749327161;-0.185892747001;0.00245641823291;0.152460542924;-0.0179283202818;0.0401164750933;0.110904483021;0.0546717591799;0.0402938287384;-0.160506820305;0.0141589575475;-0.0211693567726;-0.124091706688;-0.231615173297;0.111202980556;0.0194055817076;-0.24463703909;-0.0383235394409;0.0963892575407;-0.10123327623;-0.0330953564527;0.0568051441808;-0.0375175224862;-0.136127158524;-0.202508294357;-0.0410945292111;-0.108423980819;0.016524646814;0.0149896525688;0.00728094657465;0.00808518810619;0.110574357181;0.0324968698901;0.0825347630112;0.0648284222867;0.0147684119878;0.040543940412;0.200730982551;-0.13043805268;0.150989813649;0.0457147344733;-0.0140059558804;0.0137899894646;0.199942149372;0.0551763116193;0.256947228769;0.000708108541201;-0.00883687294347;-0.0548897181388;-0.0319980430904;-0.0472283211693;0.13992655162;0.0960878623792;0.0364148638684
0.00376412887373;0.0641518005618;-0.118913988854;0.0690800535451;-0.10862529174;-0.181301378201;-0.0767798194438;0.166673566751;0.0517635045186;0.109225464396;-0.0261843713089;-0.00667000746102;0.00896991046095;-0.0528772602124;-0.065369881502;0.0712763821092;-0.0338670599094;0.00435250290628;-0.0461954784299;-0.114735236552;0.147647600879;-0.00878729288807;-0.164397611913;0.104635220911;-0.00311121592798;-0.163497230167;-0.141747128361;0.204831986441;-0.00905711974267;-0.123377280193;0.241372330129;-0.112017033002;-0.157465496113;-0.13929232773;0.054780863415;0.11744920468;0.066387671876;-0.0458485927977;-0.150128948726;-0.122828284836;-0.0480162640036;0.125055623571;0.0674202994547;0.0999377993448;0.0280310800688;-0.141251846344;-0.0131742616068;-0.017461118957;-0.0128910691776;0.024076753529;0.0342705357805;0.0319789659749;-0.112347943599;-0.0174507815815;0.133719061757;-0.0415155923322;-0.116355141575;0.0842804508191;-0.00348711189106;0.0985385054379
-0.0510715015057;0.0212920515235;-0.0507767349727;-0.0471061073433;0.0676461647303;-0.113605566017;0.0675705824232;-0.0671749389327;0.125306718024;0.00689364574128;-0.0460992198114;0.0758140337196;0.0339630944417;-0.00122448115007;0.164124353157;0.0126197318086;0.0160161941713;-0.0153023285901;-0.0519986549382;0.101784057055;-0.054035905101;0.0701123464009;0.00748941328563;0.0272980903101;-0.00860157324797;0.0188730978647;0.0311990498434;0.0137584987166;0.000874328255747;0.00484300673136;0.06904501547;-0.0341365441898;0.0157627534956;-0.104204902328;-0.0450441159241;-0.107781429442;0.00690662839273;0.0835225598034;0.0707915989368;0.0407470083916;0.0267695295623;0.134501117006;-0.036245618788;-0.0465809982631;-0.00526221179734;-0.0214493032416;0.0310407799258;-0.038465509845;-0.17921023078;0.0521890950669;-0.130202557619;-0.122893315675;0.0983326590074;0.00357411777543;0.193076754762;0.01729129531;-0.0268205390479;-0.0501970973816;-0.101212600077;0.051916089634
0.0287505820174;0.0379839510156;0.0136912285255;-0.0594539753536;0.00390045898081;0.0962107137087;0.117369693273;0.0259895025025;0.143712289115;0.291165871268;-0.0889037262792;-0.0266500164445;-0.0772115693865;-0.0906371744378;0.200835086097;0.0379919396115;-0.127029496782;-0.0424781133624;0.192626802268;-0.0317903844646;-0.0192753166889;0.00839409207457;0.0544380093147;0.0378759586228;0.102397586541;-0.099385592278;0.065029396333;-0.0794541381096;-0.108944908517;0.0643864682154;-0.00528670970891;-0.0353204649166;0.00688914421476;-0.0327365622912;0.0272437710528;0.0824863918515;0.169870462716;-0.0133997953672;0.0137939134117;-0.0576049585543;-0.194978680218;-0.0229841685303;-0.00216935191511;0.0871963606272;-0.0636868524561;0.0249494395051;0.032588945963;0.0308797562683;-0.105512328716;-0.012621867015;-0.118385929017;-0.126646023937;-0.0270549325509;-0.0528246022409;-0.0631638495449;-0.0193907922457;-0.141475162489;0.118910516494;0.0176561256096;-0.0613393910507
0.0178798873281;-0.120182641879;-0.0997836724495;-0.122873608867;0.0161245651575;-0.124529338783;-0.044870789726;-0.215791128652;-0.0821138998736;-0.0706563723193;0.194551325738;-0.0310835746697;0.0194751517487;-0.0957390025496;0.190854804913;0.0780346149972;0.00874799360577;0.014900837307;-0.0304629642038;0.0139238063988;-0.365151237426;0.0390046760069;0.104810228011;-0.03976525453;-0.142970324509;-0.0596116665508;0.0713883334937;0.0226979568654;-0.132145382699;-0.0802251767486;0.132395211412;-0.130193992;0.0584492247146;-0.0495048988407;-0.119487273539;0.0117305460697;0.0962595081573;-0.17683645164;0.0659297483099;-0.0819547844045;0.0346973535921;0.136087114524;-0.162296215303;-0.192530515608;0.00605124951899;-0.0559580288988;-0.0314895779597;0.0152521133185;-0.0425794357255;-0.0690793708035;0.169219138485;-0.164236638081;-0.0220869109728;0.00687574837952;-0.0462426407346;-0.0110383251001;0.16365138078;0.128077082556;-0.0451677888742;-0.208310558416
0.0221790470672;0.0174195729142;-0.0538390690005;-0.0611644628162;0.114750382857;0.0777578683609;-0.198037492121;-0.194355722165;0.0674598287262;-0.115663553449;0.0128853000732;-0.0180447637219;0.120411330001;0.100852771229;0.019676972696;0.0104278925962;-0.0332962216919;-0.0327597511718;0.00796915290533;-0.0113174316997;0.0365539233874;0.0190501522657;-0.102969610906;0.023759220975;0.131034981482;0.147923776571;-0.011760655265;0.0236621602884;-0.0655496912934;-0.0700946884972;-0.105301082691;-0.0419011393219;-0.233023309594;-0.0148332954538;0.0305730556166;0.118562906395;0.0261839568616;-0.0382136897586;-0.201865565343;0.0164667881304;0.122968534127;0.0220432132207;0.0383253463051;0.11483028086;-0.0946229248316;0.0262475739393;0.131004234047;0.100854055018;0.0109369227896;-0.00802271665049;0.0910669176446;0.205875880554;0.0486846423563;-0.052513090793;0.0324940086254;-0.0942869913035;-0.0785060776781;0.174097627079;0.0338366125784;0.222970612566
0.110361409793;-0.216247050655;-0.0916828545941;-0.0519717812425;-0.0302818785942;-0.12275055756;0.276406783;0.0119110660249;0.0666140318399;-0.081915236662;-0.16424392834;-0.0478462197389;0.0936294752763;-0.112972006284;0.024698710791;0.155409854698;0.0486127124997;0.0295503261957;-0.0637963675902;-0.0268457161176;-0.0460713456666;0.0432546237354;0.0420202522187;-0.059121635348;0.0995874932031;0.0523859970089;-0.0505051600271;-0.0236066481106;0.1196434945;0.0972041684569;0.0217225800606;-0.109530949796;-0.000731306156615;-0.0840247382744;-0.107872293397;-0.00992502492209;0.0557812508431;0.0952270393968;-0.0302845787266;0.118614893057;-0.163919218072;0.0164238632022;0.0175234424107;0.0467503940566;0.130227189055;-0.0181920406869;-0.17309016623;0.0695532522933;0.0382834265379;-0.204131030717;0.0804267846941;0.0717589305695;0.0262305015935;0.0399049195193;0.00118455411068;0.0305784602855;-0.0252477455497;0.10953656069;0.0900692343227;0.103088181378
-0.0707160846798;0.0243894867468;0.0112090358535;0.0129622320053;0.1993418379;-0.136026689971;0.0664256782194;-0.0434014257783;-0.0486942069736;-0.067205945284;-0.0614190115521;-0.129864679355;0.0158900780836;-0.00641423972456;0.0852269046484;-0.127642783984;-0.0601279958473;0.0277711563786;0.22472759094;0.0693772330994;0.00383174415028;0.210273681488;0.0670467421845;0.0201034126506;-0.0049878884779;0.117981298162;0.0258730174245;-0.128990414428;0.0320605501327;0.140781789486;-0.0141788752569;0.00141013553162;0.0719786677546;0.146342126636;0.170243006488;-0.105417853758;-0.04824254423;-0.100035461451;-0.14476119481;0.00161916127585;-0.11098526152;-0.338699366698;0.114906458242;0.0389017662001;0.0329410015188;-0.06413337224;-0.159338478525;0.0417830802716;-0.113837004374;0.0493578167211;-0.107799625617;0.247467172436;0.136679091587;-0.0357152298432;0.143352579045;-0.0797250030229;0.0731177195591;-0.0547861032136;-0.0236294104547;0.00646431905034
-0.00748626009407;0.0320309572545;-0.0102675900206;0.147638144423;0.0408523078353;-0.100161301969;0.0309929013792;0.0345715474175;-0.207637978924;-0.0705003577861;0.170955439815;-0.0371654107946;0.00926529718725;0.0667867889535;0.0894754973643;-0.0115977096528;-0.0221660473593;-0.0407140153856;-0.089604589517;0.0964747972399;0.0217180244451;-0.0950829863677;-0.0590114296068;0.141143453541;0.00971946308129;-0.0603790055951;-0.0444822992283;-0.00708219116018;0.0206015383726;-0.0574694153222;-0.194874628948;-0.0763308291641;0.00520710150097;-0.13324058;0.00759388825524;0.123700966592;-0.10428487215;0.0046331127252;0.0536455536263;0.119280889225;0.0799821358084;-0.131797649219;0.0778989628029;-0.0511297875612;0.0965378971231;-0.0857305477213;-0.0515137098157;-0.0962706514576;0.00306347550519;-0.0162886537314;-0.0561544112606;0.155097526091;0.0315806162154;-0.143791512753;-0.0723985897053;0.0234084764437;-0.0200725086492;0.20067657213;0.24977179194;0.161504290606
0.00294125677362;0.0992226708634;0.124965536378;-0.128750877168;0.0871250156674;0.186682536272;-0.0485346908815;-0.108795964991;-0.0988781213911;-0.0774814180288;0.116042702252;-0.0348705081139;-0.0417962184835;0.0383938876772;0.0694284906163;-0.058993003359;-0.0995377772173;-0.111156296807;-0.121548361755;0.00431493041744;-0.132291153035;0.0532626100373;-0.0789613282442;0.00821056126062;-0.0206989583165;-0.090364496305;0.129455094343;-0.12808279803;0.0828716594576;-0.161122616952;0.0280406490352;-0.0947004960638;-0.0198830301362;-0.208141406142;-0.082276297705;0.0242939039733;-0.0878480667824;-0.0932146613784;0.15023144171;-0.0192592785118;-0.0359353167178;0.0380208553474;-0.0293549908812;-0.0261274109595;-0.0327034517438;-0.130960007342;-0.0413094475866;0.00849877552142;0.0125367761783;-0.0129328276288;-0.100233052655;-0.133223085059;0.115838583732;-0.0311714057139;-0.0195495749146;0.118277946762;-0.0663291133051;-0.0621869024058;-0.0977854057953;0.134253119378
-0.00273962288302;-0.16131233162;-0.126947988113;0.0707693473251;-0.236118650767;-0.126126374302;0.197484636423;0.122882192165;0.0289275589262;-0.0288439692934;0.00576438829765;-0.0260835041174;-0.163471229137;-0.0100720082953;0.0283795505875;0.0374499837232;-0.0175412766429;0.145606794554;0.0534774103125;-0.0175294842984;-0.00163993939946;0.127565472566;-0.0142964325206;0.121871007143;-0.0684672872625;0.0495027024199;0.0345969949704;-0.0447216473074;-0.051514261192;0.0408785177067;0.158694763975;0.125472069029;0.179728480403;0.00394464744372;0.146497051732;-0.0689381828701;0.0270941710811;0.0295717691719;0.0720981946571;0.0863720285854;-0.0158486266884;-0.0213664437711;-0.0444205011913;-0.0392380225399;0.0409719760185;-0.054998846565;-0.148015715422;0.189125206336;-0.0187141840618;-0.0745113217334;0.0397261394846;-0.063849534091;-0.0694402515184;-0.000347536715975;0.161664976464;0.0675658062192;-0.0144626133939;-0.0406789967202;-0.145554976956;-0.143585349102
-0.0101179410728;-0.132036321321;-0.0986033106385;0.103487671042;-0.0526069275136;0.0749422619186;-0.0137004652637;0.0588095561237;0.0140827985813;-0.202380722966;-0.0500006272413;-0.00579744589038;-0.0776421158053;0.0474425770563;0.0564320394266;0.0456818315908;0.0724570057639;-0.0485645223836;0.101983552361;-0.0776361621059;0.0588783159884;-0.0410458194503;-0.0824906539124;-0.115075726712;-0.00749395014509;-0.0863931814319;-0.0315566751481;-0.136075509728;0.159390700432;0.08177116152;-0.0584038788991;-0.016846863818;-0.137908505713;0.0466881672727;0.0796827527133;-0.230405694767;-0.135281814716;0.00806408926236;0.159056290071;-0.122981037796;0.0418939062726;0.143006786581;0.152206861536;0.0331386320134;0.182988076324;-0.0713696486319;0.00331813515096;-0.0834305966744;0.0175671231633;0.039638249196;-0.0667791379432;0.125619314044;-0.02160732833;0.00590078276206;-0.033084915198;0.0134109527427;0.0244460938104;-0.037985402015;-0.0241581943977;0.134497847396
-0.0320696288849;0.0829162628464;0.147968162758;0.0319168508404;0.0415893260541;0.0357881626431;-0.0421121048508;-0.07276164833;-0.0230769119157;0.0927146154719;-0.0965055625991;0.12675210695;0.0575243794929;0.168779047488;-0.141174186645;-0.135892463829;-0.0123351482707;0.000559144347377;-0.0511062282996;-0.0665909222522;-0.0796032702881;0.0669425454937;-0.141471145099;-0.187660772338;0.00851126922486;-0.00397635820375;0.0423105396305;-0.0198410270855;-0.0327881275343;-0.0336152806154;-0.0918891233189;-0.0330165608958;-0.257420957029;-0.0231533993017;-0.0107905190317;0.238976191794;0.0604782120668;0.0566824224726;-0.029875750783;0.0415275640916;0.040165059136;-0.0804638117513;0.0118199561085;0.0800581116024;-0.114019440476;-0.123208964061;-0.10059002721;0.0758759789849;-0.0485937924616;0.0489025565181;0.00932069406969;0.155288871971;-0.0461504405252;0.0139076863913;0.125107391155;0.0296669162813;0.131704178479;0.131532111921;0.0016422632801;0.102890424332
0.0671649021947;-0.128726114479;-0.119313029421;0.156990298221;-0.0909371014833;-0.032234154631;0.107813684779;0.0748432158291;0.0528294617423;0.124836003668;-0.045167040386;0.215078096465;0.0470222334688;0.034532302103;0.0174512040699;0.0590904283344;-0.071017306773;0.103900254926;0.0237244223765;-0.163888772089;0.00211739598585;-0.0457426093524;0.0149361966626;0.09832411954;0.0619211590038;0.0691152952869;-0.0424723602644;-0.0489797944854;0.0497028983712;-0.0427197282535;-0.0847358178648;-0.109214188973;-0.276085157554;0.0314940868526;0.0623224252264;-0.0596413505967;0.0233130247207;0.20087647788;0.172120961699;-0.0487600803675;-0.000391166588219;0.0671910443525;0.0198754492285;-0.0549340178428;0.0222151758657;0.147517721947;0.123548892132;-0.134118539059;0.17259887277;0.0115826168651;0.037701248182;0.0720606620751;-0.205716223767;-0.0242841501722;0.0417322696581;0.0565476646093;-0.246385374995;0.0726537775615;-0.00297580538461;0.0970445009472
-0.0884267097465;-0.0620772368789;-0.0787563510276;0.0219994432861;0.104166345604;-0.102055165665;-0.0710537713397;0.0204180547251;-0.100330702633;-0.065794433888;-0.0148837410273;0.00442034251576;-0.084896919248;-0.038085492152;0.00536145020979;0.100044564636;0.0530716969823;0.0180322520688;-0.00555167200909;0.0393286658452;-0.0525625674556;-0.017142596976;0.109662260513;-0.00512888910684;0.0132808152536;0.160817782966;0.00326328119094;0.0268455675748;-0.0769543673182;0.128290655256;-0.0109561601879;0.0332526135103;0.0245550180324;-0.0275745003767;0.00540248445891;0.0255467876318;0.0823217194518;0.00327691313231;0.0289026009947;-0.134422449437;0.0622080881625;-0.0530241804595;-0.0569865044207;0.034823651047;-0.14590274159;0.0281728869612;-0.211701022521;0.0363405751107;-0.182399473646;0.00531778003612;-0.0395566206538;-0.160719628859;-0.0312862730911;-0.013904006789;0.030308667703;-0.0170802479054;0.0232115991802;0.000168389353868;-0.0350185670844;-0.0587901640258
-0.00340048496498;-0.0588267521478;-0.133467688275;0.00398364616593;-0.0410757155735;-0.113107062814;0.114615234115;0.0285054174576;-0.0594012595908;-0.0787884970847;-0.0405418103405;0.00660763930712;-0.0283206988052;-0.193943441644;-0.0807069813634;-0.0250584865073;-0.0710020851806;0.0324861945653;0.0677952556652;-0.0209562918731;0.013541769947;-0.0685066066444;-0.0935693347389;-0.100275614081;0.017172465955;0.249466610961;0.000167853606959;-0.0795084875526;0.0458487703329;0.144491131688;-0.0180625051989;-0.00338452540571;0.160397759143;0.0444122584591;0.176990947781;0.0325947247749;-0.0622902508796;0.227683645986;-0.204160671939;0.0745656487698;-0.00437841491074;-0.172474141391;-0.116779759957;-0.152153815838;0.00240650668869;0.0455935783433;-0.156564215352;0.16576637524;-0.133654717554;-0.00111344852156;-0.0020606059297;0.0779099597821;-0.0377419352298;0.0914157415025;0.207192727447;-0.0556418750541;0.061495364003;-0.0898781378974;-0.0663446158746;0.116287940892
-0.0147703683113;-0.0176021567425;-0.00705410058151;-0.0498924150357;0.00700379367115;-0.0735309092092;0.104696582211;0.00100372914476;-0.11555753375;-0.0127574209582;-0.145776723441;-0.0818191077326;-0.0713707670989;-0.130387717487;0.0658064961814;-0.113595902232;-0.0176294106489;0.0449057872822;0.0435617943224;0.018711929618;0.143287229396;-0.000262185150189;0.15078711854;-0.105171362091;0.00645149846287;-0.0155517079555;0.0810150319772;0.0254291327506;-0.0304305091626;0.0352663517636;0.0925990854818;-0.0113031932795;0.162510494121;0.0148206943451;0.0440747100564;-0.133162843388;-0.0467806219101;-0.0628490973681;0.0729943614539;0.0220072000706;-0.0757481768931;-0.0573641894378;-0.0450143337033;0.0680560082372;0.0111704468981;0.0901136072538;0.0172382406816;0.00237981426918;-0.00866250008945;-0.206649654075;-0.113982632248;-0.140892992796;0.0345900272205;0.0615806448713;0.298952295054;0.0237971713383;-0.0210269866617;0.00932110504633;-0.0993074482553;-0.058146715053
-0.0694920538331;-0.0134658561491;-0.0805701713608;0.10753633635;0.00273868131742;-0.130620821781;0.224139537742;-0.0624293971794;0.113817087104;0.0496264347276;0.0363932665264;-0.0655758828603;0.0174741835304;-0.053226382699;0.0844943254945;0.0425361299394;-0.0513176646647;-0.0192669809063;-0.0375308937077;0.105668722937;0.0358727272464;0.0327990979353;0.189101987528;0.0147268218797;-0.141369842551;0.0309041960432;0.0877385021222;0.0482304938266;0.0565772166499;0.0353646124489;0.121407873809;-0.0431021565458;0.119118890871;0.246877725938;-0.0156677152846;-0.0908042518113;0.0150276580891;-0.0226500601197;0.00616660113007;-0.000269939989932;-0.0348330566036;-0.0128911769164;0.087087208111;-0.102090843991;0.0224749901479;-0.0349392926823;0.0193510374128;0.113356416329;-0.0384361944791;-0.0179057033006;-0.145984643912;-0.14710417618;-0.0975824158083;-0.113302505278;0.0035610633303;0.0614902555063;0.0301230861263;0.00769590052543;0.0220050581874;-0.0200019371356
-0.00190331530121;0.0771504726573;-0.0419620214505;0.0750676229587;-0.0784275942301;-0.0998898331187;-0.069843699653;-0.0733243710967;-0.0623941481757;-0.116163530286;-0.0468221099011;0.0544006197809;-0.0375518012541;0.058516847783;0.0411376157262;-0.0336347317322;0.0105248834491;-0.0481940262096;-0.0427911414791;0.057545371495;-0.0377976814847;0.0905391768108;-0.0268191191517;0.0698741227257;0.0541243023244;0.136164061386;0.102382637169;-0.00957990089699;-0.0828877470833;-0.0554878760017;0.0626926044598;0.141487578926;-0.107881129305;0.198021007247;-0.0195321950516;0.100086863029;-0.141237636751;0.17782729052;-0.0878615169021;0.0819538276375;0.105623334355;0.169493135668;0.098306387551;-0.227735397515;0.141249151553;-0.0472967853849;-0.0866073637469;-0.109449937393;0.131876901026;0.0136037504547;0.104663603847;0.137250038789;0.171921739385;-0.0912190213014;-0.141505533771;-0.0328917549359;0.0602585805166;0.111223118018;0.0914052286916;-0.0322823610674
-0.144978295236;-0.0586480467808;-0.112679009272;0.026435399336;-0.143498223297;-0.126993589753;0.176112080889;0.0483843581063;-0.110679711962;-0.242428517124;0.104046680293;-0.0418366936167;-0.0374923329887;0.0713548996404;0.0584513114051;-0.0739141688335;0.101048419142;-0.0804277962721;-0.0515031652817;-0.00766878611809;0.0552185173823;0.0728457984956;0.0240383675094;-0.10126195484;-0.0594959305258;0.22823047634;-0.116750693712;0.0120957922424;0.0106166751188;-0.211071016371;-0.110722530709;-0.0549418275647;-0.0509159257177;0.0259501702722;0.0709713643774;0.198304719411;0.0078083800396;-0.0128810945536;0.0795310334834;-0.114001518899;0.0151931170837;0.0364111558012;0.025899680228;-0.0109998393163;-0.0288078611364;0.0834048412875;0.14308743239;0.221224596455;0.145630611106;-0.0963401217948;0.0459595495436;-0.0802711848916;-0.0560739013066;-0.0239038447886;-0.0846979365199;-0.0684818000571;-0.148699461841;-0.0691854528077;0.00743257343034;0.0925191190866
-0.149554262515;-0.499766971154;-0.0554988695203;0.0576566627259;-0.276791499218;-0.0829989600227;0.10077155389;0.158840915723;-0.0912167790702;-0.102673721962;0.160773987271;0.0593781327825;-0.019757050101;0.0937691143171;0.0317536797104;0.0884761850321;0.0879558796201;0.0683653429971;0.104480294994;-0.0767126888001;0.115336220989;0.0138250233353;-0.0886093278037;-0.207963208407;-0.432248927441;0.341596494442;0.00667738561176;0.141589788021;-0.106311225182;-0.00387011447618;0.102708160958;0.0919365625312;0.145557664201;-0.0159022328681;0.0390267046229;-0.0104451554935;-0.0162867056527;0.193043949755;0.0993782581513;0.134511244053;-0.0866368447377;0.119456652099;0.0078787077431;0.0801151294596;-0.0424280386099;0.0154220639772;-0.000646980601426;-0.000348649190173;0.198878557073;-0.0108932668273;-0.0584548994288;-0.0344943720164;0.00612539218219;-0.0184794397193;0.255920195971;-0.118096413039;-0.0475822004558;-0.145712797327;-0.0461305470842;-0.084846324953
-0.0419968045825;-0.00813730548332;-0.0333893443171;0.0460946253375;-0.0487747888367;-0.0465933438609;0.0845091055884;-0.0683058459066;-0.0426698125679;0.100105398228;-0.0387044621493;-0.0583551759128;-0.0533049024831;0.0968566293975;-0.0841336508026;-0.064977311693;0.0853665983311;-0.0754559008251;0.00198580443755;-0.00157182759999;-0.0251710422577;-0.13943647466;0.0620998415683;-0.0425423834031;0.0530542176845;0.00457222646832;0.0778635169381;-0.0950765735489;0.0628282954369;-0.016318668363;-0.0843842146957;0.135210633919;-0.14744329637;-0.0156540686181;0.00577918978025;0.0110199532212;0.0421903687777;-0.145660975804;0.124088167774;0.156621768386;-0.0806212728924;-0.062583135657;0.0642605948552;0.10948533791;0.0812983679299;0.0468517685465;0.0992583286533;-0.119187025094;-0.0995404473924;0.000261454603013;-0.00845812222178;-0.107147917816;0.0660752042926;0.105740866053;0.0258314170436;0.153317776919;-0.0702742196236;0.03075875109;0.0266533098616;0.00286326668192
0.0785959812761;0.0955692537438;0.0673613430337;0.000725643874394;0.125614990412;0.0233693021978;-0.0655147564611;0.0277094391575;0.0259515192362;-0.102935283281;-0.104447717537;-0.0667780575279;0.030973394827;0.0524193853936;-0.148754764268;0.00821010722161;-0.085772676521;0.0431562852291;0.129004430187;-0.043042465771;-0.110628893776;-0.0790783443524;-0.0582437665611;0.0320712143018;-0.134435402156;0.0792170468134;0.04530143952;0.0261720249673;-0.113642345374;0.104225398562;0.199747758055;-0.00372535505205;0.0776291279975;0.0913863805454;-0.034890301088;0.0090956206194;-0.126057229177;-0.0175000172405;-0.0723095713259;0.0826280495485;-0.0496109832853;-0.0805220234136;0.00229419855461;-0.1908034405;-0.0230158628913;-0.00152778162979;0.127975181896;0.0381406728484;0.0346265527644;0.0266960377204;0.0510776993949;-0.170076209623;0.130945929923;0.0360241030854;-0.0124653573921;0.00568169120316;0.0585948320181;0.0584789338399;-0.154639201179;-0.0158092537028
-0.0049182600607;0.0452146461937;-0.035558755367;0.00236841471348;0.0754420141124;0.00823890663069;-0.0487796466985;-0.0937396250121;-0.00141667732802;0.004017463268;-0.191007766826;0.0607845357846;-0.173571363552;-0.0522820327779;-0.0860574086657;-0.0395027732947;0.0218776707117;-0.0314698994326;-6.19672104948e-05;-0.128360146251;-0.0235814846553;0.00767347109866;-0.0897047428286;-0.01012470639;0.0952209805664;-0.0494567437536;-0.031439309037;0.0144553277446;0.0755561256429;0.0193007966093;-0.0955696596666;-0.143559845594;-0.144433791008;0.00297141858726;0.188442342564;0.0795651138885;-0.153719035939;-0.00443034468488;-0.11879402702;-0.0221689900171;0.105534019767;0.068743039734;0.0198674340912;0.0123081568874;0.0303422515825;-0.0375735231655;0.0485196098946;0.0965424216208;-0.114838498192;0.274424119855;0.114820683527;-0.114153066722;0.0583773218507;0.0104815658616;0.0237014324629;-0.0104510535006;0.0776885803547;0.0445336165381;0.142014035442;0.140659688322
0.0370872009927;0.122189079213;0.0968318789871;0.0780353592986;-0.015747710616;-0.149238001519;0.0942080428028;-0.066092779764;0.0452306824841;-0.100391249663;0.0896217810233;-0.086532068994;0.0514703935229;0.114999744066;0.138895538822;0.0205351968983;-0.100058389628;0.00864281785389;0.146744733896;-0.169658725869;0.100424033147;0.041897814045;0.0149384513235;0.0548914320112;0.0729155506545;-0.152787426515;-0.106105706362;-0.124894955526;-0.0249135750879;0.0699634612498;-0.199021772447;0.0378350763297;-0.204329846138;-0.169145225458;-0.0308430157935;0.146709993971;0.0579271504032;0.217924393079;-0.0371336981938;-0.0253996176098;0.0413381874684;-0.0757074067175;0.0459294541707;0.0403325669932;0.0234090210773;0.0273183727765;0.0771403708226;0.0935670628589;-0.0587902346816;0.0529025697881;0.0212258971797;0.0468634833515;0.0619352511634;-0.0932146160877;-0.137339420805;0.140094045982;-0.11968196666;0.10351446916;-0.051508583458;0.12401495152
-0.0335238889285;-0.00583488587305;-0.00949643003238;0.0507443979739;-0.0498644610725;-0.0711007800956;0.0564101281583;0.0568473032181;0.0721441055972;0.279126069162;-0.00754708791408;0.0597447302606;-0.0505460891967;0.0299991866455;-0.0434624301436;-0.015706762422;-0.089776038291;-0.0901014082798;-0.0547872030108;0.107639967108;0.118567956835;0.0278095933305;-0.109014685328;0.00356988343805;0.121565630153;-0.260409604039;0.096184806708;-0.00212286626811;-0.0269069310789;-0.0361427391161;-0.116906822263;0.040909369969;-0.0192068456494;0.1318346875;0.0389259404734;0.00113072507617;0.103321050169;-0.251956251703;0.0482754286024;-0.105347811862;0.237397786746;0.0682219575226;-0.11208345569;0.156885510863;0.103328185966;-0.10315822242;0.14762215505;-0.035410597612;0.151008149927;0.068625509165;-0.0907303336434;0.103820029438;-0.0658215031124;-0.117767240011;0.0432823435144;-0.00386912406071;-0.115941878793;0.0456938840101;0.0616811255226;0.0375645972542
-0.0742904868513;-0.0259952225827;0.108759086476;-0.180677576425;0.0683954978958;0.0137656423494;-0.0443326719844;0.107780212578;0.082941912345;0.0597507476457;-0.0536351996096;-0.0585183506702;-0.162124696394;-0.134403628256;0.0134132986564;-0.0132831911113;-0.109036360808;-0.0296894847537;-3.94549350035e-05;0.181303491941;-0.0136923838256;-0.0582580986211;-0.0609311638214;-0.0480357682656;0.0293835395913;-0.0354308596284;0.120120190554;-0.021532613928;0.0978703799441;-0.0406932792095;0.336856989764;-0.0910051463748;0.216957322841;-0.0489037666911;-0.165376632096;0.0367736779285;0.109662144065;0.166022837434;-0.11258125332;0.0922282955455;0.0690157038841;0.0520451664439;-0.0790377192886;0.0147386273854;0.0427493305815;0.0422796868938;-0.109465280813;0.0770020892332;-0.0920258600558;0.0258543720124;-0.00533880105439;-0.19926087635;0.129737521147;0.110713435214;0.0901794624433;0.027743897039;-0.0754810231429;0.130742812001;-0.0597808713004;-0.142134873358
0.0306607490182;0.128978147914;0.154012314687;-0.0637196963196;-0.0473720128405;0.0737576447116;-0.00587913297201;0.0252153045236;-0.103718209899;-0.166535370897;-0.104020756164;-0.0857777111957;-0.00524609180113;0.131328044119;-0.0986464664311;-0.130794482447;0.121805833502;-0.187728326076;-0.16261331605;-0.162674541285;0.107497488223;0.0696726617263;-0.00253864870267;0.063117820294;0.00103827818014;-0.0214389408539;-0.132205073276;0.0451266409028;-0.0922111060182;0.0414058592357;-0.126541795957;0.0265940501849;-0.208764011421;-0.0466036065341;0.0305129003153;0.099575356864;0.0025305780727;-0.0301062520659;0.0343780051624;-0.0114373810801;-0.00689500040382;-0.120733548562;0.018376574412;-0.0357294726541;0.0755763603713;0.0404135346141;0.0159730754378;0.0837870435624;0.021268668111;-0.0402211845942;-0.140155577827;0.0647048666475;0.170312832467;-0.0585789485114;0.0645690108006;-0.0353093708685;-0.0763490569637;0.113658668753;0.0825947466975;0.0526461632745
-0.00988355090924;-0.115422721193;-0.132346955937;-0.0381983167138;0.0243096689576;0.0339110873238;-0.114686145344;-0.0447477426448;-0.0764982365837;-0.0401674793207;-0.0843660220995;0.168513095249;0.0582954083806;-0.0300430622526;-0.0180322786023;-0.0381822232729;0.0546087616506;-0.0332319216418;0.0968289942282;0.100361538168;-0.0620649878079;-0.12208557327;-0.0906258322372;-0.109897796191;-0.0404381320931;0.328168379609;0.230631146384;-0.0638844036249;0.00722637500424;-0.0190733490186;0.225142711369;0.159879486053;0.219063689972;-0.100273026958;-0.069412070884;-0.0323593961327;0.0307446357848;0.150959626114;-0.166060931656;-0.0158580018801;0.0476897409435;-0.0874814517274;0.119206157794;-0.164369638332;0.0392106281383;-0.0179848698818;-0.0165225818341;0.108540758434;0.202336457661;-0.00181489652219;0.0467189879557;-0.301091941681;0.117853083441;0.075142282637;0.0938565386345;-0.0712344528587;0.10587072975;-0.0305547720512;-0.124023309447;-0.123294041819
0.0635847065997;-0.0603346919436;0.0810544611022;-0.167247829464;-0.00274694314253;0.0166410964759;-0.0962182988197;-0.100256479504;-0.196308330505;0.0686550610005;-0.0132616056505;0.068984266551;-0.0322370374144;-0.0105702711333;0.0648806387474;0.0362339588906;-0.0914892341503;-0.0540209274175;0.0338690546871;-0.0605527468655;0.060842406242;-0.0381314393347;-0.112115963202;0.0753477836814;-0.0602880302899;0.125511693058;-0.0134657466483;-0.0173212445186;0.0142036756559;-0.0143155049623;-0.0183721287658;0.0683374128541;-0.181780133455;-0.105366440052;-0.0714370331653;0.24752635221;-0.144670539438;-0.00305659503614;-0.0450236359763;0.0798741472289;-0.0537030522367;0.0759246155403;0.142896373495;0.0846774294713;-0.0950084164768;-0.0147180461188;0.158246677569;-0.0700271375411;0.04219174162;0.142780529372;0.0336939650964;0.023063864426;0.0301334820752;-0.0726991972069;-0.190783799005;0.106506308923;0.00808117277067;0.080786914393;0.0846482044032;0.167255701619
-0.0323775112867;-0.24376148181;-0.0549037169791;0.0313955190375;-0.20104041765;-0.146103243639;0.15252031567;0.269885465785;-0.020313036551;0.0391544362777;-0.074842322868;-0.133117581615;-0.0159336256906;0.0222230879666;-0.00386333368043;-0.0333713790284;-0.0894297800614;-0.0055410102028;-0.103265466272;-0.136332520647;0.0725016391651;-0.00451948612319;0.39801604383;0.0683373394206;-0.0643568682472;-0.176918335596;-0.0926108969686;0.0421346828889;0.0988972606819;0.10225792071;0.196076405122;0.0244218615371;0.202135203124;-0.159047948227;-0.0351047815474;-0.0312810848312;-0.127421330295;-0.085203350677;0.00793851774474;-0.175167599955;-0.0218975659197;-0.199508251976;0.0898746055558;-0.151043674722;0.217766604621;-0.283709076213;-0.187667868156;-0.00451408188789;0.0215686143958;-0.13477132404;0.0749671056462;-0.0283567060642;0.00423959253188;0.0916892023994;0.0998707444272;0.0718758948781;0.237019279316;-0.0940597920283;0.0463874331631;0.12309672878
-0.058938358391;-0.0964216671813;-0.251738992542;-0.0828246429878;-0.0613390253069;-0.0656086019568;-0.00496447551922;0.00806822147317;0.0569255857905;-0.0164169837885;0.0125910474916;0.0635311005775;0.00112836056086;-0.0170102204549;-0.0828552155598;0.180856502128;-0.0219560363522;0.034195147845;-0.0817125384729;0.00880321663196;-0.00203912384014;0.115163586901;0.120943167889;-0.121983886986;-0.0586098794422;0.073459585331;0.0729676184609;0.0812271198634;0.053799743104;0.0835711615316;0.127087428718;0.0222015553368;0.356912259051;0.135248543094;0.046285465212;-0.070694949496;-0.00765398208654;-0.0767693306933;0.0755859289522;-0.0402603263612;0.0390234835791;-0.0876973553298;0.00172081085988;0.0382221826136;-0.138998980995;0.0553632244552;0.00436097398832;-0.0592661065202;0.00496685296893;-0.0521039773439;-0.128099739209;-0.0622001475087;-0.0256521637029;0.026346767452;0.156914168941;-0.00606566826363;0.0717615311891;-0.0899492397564;0.0865871395023;-0.157296629964
0.0605871573556;0.00270637632231;0.0716763456907;0.129878496381;0.00967707965657;0.033576927921;0.10376202975;-0.00554877375819;0.0214272401329;0.0438259840014;0.00580319382777;-0.139245699682;-0.0471621778793;0.117261416162;-0.00699567410138;0.0522018122037;-0.0239949765538;0.0710998940812;-0.0515761592628;-0.0313718941429;0.230141886536;0.106317747528;0.189626710153;-0.0699308698441;0.0640720006305;0.0337969838849;-0.0444394949418;0.0229122703435;0.176166257155;0.0491226644526;0.128464358622;-0.094165631025;0.0769481461832;-0.0567767458252;-0.0825440450304;0.0898948808666;0.0814423840387;-0.0558558280891;-0.0698161786949;-0.0732587127221;-0.142952059686;-0.0206701604022;-0.0795158310215;-0.0305045760605;0.09984789875;-0.0319615184757;-0.0130195330542;0.221634639798;-0.0759297810632;-0.130083639287;0.0692189596812;-0.0925727811354;-0.0844164055229;0.0331349717697;0.127824983538;0.184342789467;0.0510269491934;0.0201215270919;0.00233179176024;-0.0495143704157
-0.0983963932376;-0.0501930558635;0.0866483179685;-0.0423367934323;0.116768940956;0.0844962799172;-0.130755418342;-0.0284829695976;0.0320092707385;0.0370564506938;0.0679447515581;-0.0250218322669;-0.013186799599;-0.0758730184482;0.101803205655;0.0278867258795;-0.0201746176898;0.0977740997063;-0.0151312795059;0.12076615495;0.0680472026618;0.0203851963406;-0.0530544763109;0.115765759517;0.0782080610936;0.00237378629684;0.022404191687;0.0859069065259;-0.0572623058462;-0.0147064116093;-0.024264475759;0.0743260091973;0.111523952326;-0.0125755783348;-0.0353402369297;0.0393150871171;0.0350293062357;-0.0911996592435;-0.00376379359558;-0.0856191570483;-0.0610510407757;0.0265967192604;-0.00882899747559;-0.0197750313741;-0.118272672812;-0.0878684175688;0.0277106670897;0.0340717690314;0.0506531527389;-0.0916533573157;-0.0241358349547;-0.065775998643;0.0537099275739;0.00654783624866;0.0148395593309;-0.0465365802758;0.0293147102679;-0.099327312158;-0.107818655816;-0.0344648162005
-0.0425739985216;-0.0806307910352;0.0155589794089;-0.038447834428;0.138960175289;-0.0533340957976;0.00528317424857;-0.043969069687;0.0534154670146;-0.0606211491003;-0.0479324269975;0.0803921525565;0.0621661690613;-0.0191297337697;0.00629863338601;0.0126906574429;0.0484090081324;-0.127501411963;0.0111199281949;0.0618336789222;-0.0485359839952;-0.115738038478;-0.0216775830166;-0.0189923685149;-0.14494216653;0.040725018581;-0.0356476512576;-0.0413330915732;0.0862187855642;0.036705220523;-0.0937648840161;0.0316981556319;0.150753218363;0.0653730197754;0.131403498196;0.0331802663321;-0.0575100393739;-0.0315649437676;-0.0828166251057;0.00179601660541;0.0585300238834;-0.0232073391718;0.00553986586846;0.0671120628811;-0.0228150054918;-0.012976083066;-0.0486491696909;-0.0234181615071;-0.101261577252;-0.0752532331029;0.0282252431132;-0.0143557874075;-0.100815268864;0.0185605130927;-0.00790854712899;-0.0177905434516;0.113233425168;-0.0369780872336;-0.0998822257878;0.0258253536617
-0.0748225484861;0.0571428381019;-0.138937442851;0.0799125212071;-0.152052148351;0.0367269902979;-0.00376506676235;0.18768581333;0.0114517258088;-0.0553830565032;0.0837573587274;-0.0274598023576;-0.0695858956032;0.0334424392054;0.128140018385;-0.060527465171;0.0135496046224;0.0334059615616;-0.108033866472;-0.152929398461;0.0213501294817;0.0204686726926;0.0352217072445;0.0664000721738;-0.0798330704928;-0.0870560139065;-0.0116837343956;0.00728584341749;0.00419790333223;-0.0509670615685;-0.185283629849;-0.0944326770352;-0.2145508641;-0.0856922364749;-0.0572105922568;0.152895694622;-0.103024445486;-0.0581221645032;-0.0755099588081;-0.0496382739177;-0.00562788537612;-0.00180141503314;-0.0604278031273;0.0133348063785;0.0417270404789;0.118306819868;0.0631660393199;-0.0337202925852;0.126892622525;0.0855492100678;0.0307873111503;0.157479409188;0.0248217716845;-0.198639657148;0.0729827888282;-0.12845750361;-0.153682403156;0.123009449786;-0.0118058942419;0.0432488001127
0.240724200032;-0.0561348377133;-0.0955047783747;0.0599823278523;0.121147672539;-0.0902174252829;0.0566114585504;0.209886149184;0.0475818602023;-0.0736380499555;-0.0511554945325;0.0942876085533;0.0837955502066;-0.0240115534901;-0.0417196820111;0.0422879830428;0.150775795143;0.041413397216;0.0895790964356;0.0544718287468;-0.0454100334441;-0.0708158925732;0.151413608391;-0.00221741504353;-0.0547086739332;-0.156639278926;-0.117942934167;0.139367971277;-0.00498712675215;-0.10786538802;0.0792926170992;0.0234795951577;0.119777322634;0.044915637749;0.0294873372093;-0.109680557609;0.00304782857207;-0.0825719598291;-0.0505449049549;0.0164982602123;0.0834540625022;0.072853438477;-0.0704786275808;0.00506937426766;0.0587562003106;0.067624241373;-0.0176659364949;-0.00109796427808;-0.0443038835933;-0.153850208942;-0.00959862734293;-0.078878712979;0.0584319169153;-0.0692269222667;-0.152377891815;0.0280708480219;-0.023325779907;0.00244751051577;0.0692550620446;0.0246803686819
0.00975153547172;0.0819251419991;0.0225405896434;0.0689426589158;0.099899992302;0.093737222453;-0.0309253959586;0.0125529313811;0.0105250507585;0.0259146368383;-0.0434227632126;0.0589182273845;0.067265143976;-0.230287428279;0.156696985624;0.0132777576935;-0.0555733675067;0.0322181940139;0.0339405842564;-0.0855490400324;-0.0334667997551;0.016568840451;0.0485167950824;-0.00388192692439;0.0635209319829;-0.0905219360602;-0.0466848616689;0.101113518667;-0.0306692990178;0.085572512989;-0.0449332761406;-0.000527281577527;0.136051796538;-0.0474824457454;-0.0876242773501;-0.013101225981;-0.082532664068;-0.0284879369008;0.0460180481532;0.0510089545592;0.090349292738;-0.0312250954211;0.0326759317192;0.0326019451476;0.0678055559783;0.110462711041;-0.0490759435688;0.195332661617;0.0061416220275;-0.0820078269443;-0.0127676040648;-0.152177836323;0.0466841883266;0.190243661984;-0.0575269497664;0.201807707251;0.0295162697407;-0.0164732662861;-0.135315597221;-0.116148463743
-0.0178930700334;0.0100781458668;-0.0693924599363;-0.166862304301;0.0987132148507;0.00165714312569;-0.0605955372697;-0.143193936897;-0.0530195802233;-0.0159095736615;0.0285235209754;0.109918271383;-0.114543084689;-0.125785548201;-0.202244575541;0.0739257496623;0.033553478253;0.0733150942539;0.0720038361998;0.207073989394;-0.112583807942;0.0583175501382;-0.107942365342;0.00290548264061;-0.161074630454;0.195729955652;0.0379674534322;0.0431113248029;-0.0613890652368;0.0823579533699;0.574302244986;0.0874528376058;0.692460326635;-0.167430003287;-0.1792535761;0.124251611837;0.0334567998904;0.0969543195699;0.00896231451354;0.0854853582416;-0.00724078873245;0.0659951961966;0.159120347797;-0.17115756979;0.0814474119843;-0.0762268146309;-0.0152927004125;-0.0711589503902;-0.0222637218126;-0.134347877839;-0.0682472030063;-0.180628728154;0.0381870578712;0.0287747399769;-0.0269789886329;-0.291851691986;0.254081326331;0.146406543473;-0.338146420084;-0.199309832767
-0.0248086264512;0.0152502594656;-0.0779671792809;-0.141032899735;0.18532290047;0.0528553236945;-0.0671238303894;-0.0474776074318;-0.00168411940529;-0.0067074815434;-0.0660335792923;-0.174186319745;0.0999260418102;0.0956593982938;0.02598929581;0.0800289507611;-0.189424616824;0.0546660133698;-0.0545913594212;0.297107099276;0.0153649559846;-0.124850223555;0.0376356559484;-0.0526471618407;-0.0592693356377;0.000675091225764;-0.0991409263313;-0.0075615670903;0.0303645120667;0.177398394696;-0.121808340844;-0.111534769742;0.0959271522864;-0.00699097891123;0.19816810391;-0.0117122326937;-0.0405888933373;-0.123474290102;-0.00232502078908;-0.0500414942225;0.0405416731889;-0.15581645607;-0.151631208766;-0.0327656654737;-0.161448433484;-0.00448860858462;0.0396526814866;-0.0842072590625;-0.111941914811;-0.149209056791;0.0618035930448;0.091497541999;0.0263723413555;0.0281992041027;0.139973371377;-0.0222252184554;0.184882051343;-0.0906351467096;-0.0214164907669;-0.130054372109
0.0280888586508;0.135350264611;0.192385218098;-0.0584895097667;0.158306509898;0.101981952862;-0.112600316298;-0.0183727672136;0.0980187699421;-7.81237134136e-05;0.189128360111;0.023026040234;0.0433518472127;-0.0197895309122;0.163536390261;0.00859775939471;0.0783707290912;-0.0361345652269;0.0275371373054;0.037394765705;-0.0376251533314;0.0034929433399;-0.161097560338;-0.0528124514185;0.142387576991;0.0293653055727;-0.0443135731473;-0.0531444729547;-0.173687909878;0.0493463140599;-0.104939676965;-0.171972410721;-0.108109344106;-0.00141565835428;0.0507796707489;-0.0350634647525;0.0575367208518;0.0441829016394;-0.0035655413178;-0.0283772651138;0.0535576633744;0.00281222482806;0.0690809826858;0.0346770451527;-0.156106326338;0.0645965720961;0.156452312799;0.145358385668;-0.123768810698;0.140575806723;0.129511543295;0.0625116347916;-0.0118343971123;-0.151291583849;-0.0660831026751;-0.0672877607486;-0.0441139217977;0.0572019359603;0.144776028366;0.0664517923139
-0.1188886151;-0.0730670985716;0.00946458065207;0.0345830035559;0.034901936719;0.0276421247236;-0.0676317236659;0.0482574151128;-0.172870980547;-0.244887683428;-0.0161752177976;-0.0105327874926;-0.0743316158583;0.104035597929;-0.0100939462326;-0.0383364046282;-0.0547258546747;0.216024243339;-0.0746934578128;0.00244341145926;0.0877559837354;0.0373606373153;-0.211983586512;-0.0133331112747;-0.159836387005;0.344016609984;0.0569487760433;-0.0237448300462;-0.00210343255424;-0.0124553536492;-0.0450106639333;-0.0272807751217;0.0814265715212;0.0473932877237;0.129296408913;0.0709540856339;-0.173665320277;0.0189025870587;0.215484980517;0.130149511936;-0.024236944549;-0.0320412254121;-0.0241684126057;0.0799891717866;0.153316264431;0.234976268487;-0.02898937068;-0.12371770475;0.0477647165925;-0.0509920559786;0.0636856195644;0.220937593283;0.0748081970819;-0.0221682017937;-0.055994248066;-0.181658987527;0.106998731144;-0.190064786475;-0.0697249896923;0.102230753653
-0.0270359217404;0.0320863118246;-0.00632526538689;0.182363915822;0.0449113114081;0.0380495518244;-0.0936507222639;-0.0471024529288;-0.0289215032685;-0.0513060767735;0.0147827959876;-0.073791806474;0.0340423567516;0.0847445014809;-0.0365206236684;-0.0257728287721;0.0947616431013;0.0966790604524;-0.212698355951;0.0669966282967;-0.0955305373078;-0.0660758066078;-0.197129651385;-0.109526881002;0.0962340052438;-0.0772389021854;0.0354285381586;-0.0758965642995;-0.102325565285;0.0411838713738;-0.0892992768736;0.0403661321041;-0.132043967957;0.0220549668489;-0.0536886618176;-0.0273593543797;0.012105015541;-0.0274281370477;-0.05549453839;0.0616267879223;0.0894104354451;0.0203937317896;0.0573386099532;0.022563197197;-0.0588401784782;-0.0539226795587;0.349154963961;-0.0784771890364;0.136298976868;0.0881558764218;0.0625649117699;0.101511385649;0.023460342846;0.000267403090818;0.0622528656504;-0.0249504178898;0.0565923180261;-0.00167671406126;-0.000101134450727;0.180857264144
0.0402104126245;-0.0967116358026;-0.00193927369503;-0.162261288087;0.0716579237183;0.288974843049;-0.209344445132;-0.179939852987;-0.125300477456;0.189303798055;-0.0314088357613;-0.0209354510354;0.0279766034087;0.135461986638;-0.0958731131677;0.0604734391914;0.0195418540576;-0.0813889817601;0.06762234237;-0.0228254707693;-0.092445145977;0.0559410480557;-0.0472876695143;-0.0997343791037;0.0494754523589;0.102370174161;0.0189547792311;-0.0681008167152;-0.0794098230908;-0.215384300539;0.111874098431;-0.0191890937604;0.146552076976;0.00538309603102;-0.178817391814;-0.0714735481459;-0.00362628515268;0.0527347173897;0.149639914639;0.073019932679;0.0070646239486;-0.115682284448;0.0736206652285;0.0351416269031;-0.0180652936608;-0.179414884039;-0.0341302963414;-0.16215098763;-0.00304030763428;-0.0297949888807;-0.110144185604;-0.0462282614214;0.133919297666;0.0680843226946;0.123580728677;-0.106781554427;0.216442788752;0.0793627236475;-0.0903929572882;-0.284745873869
-0.0367666156629;-0.0335690741605;-0.0833079870533;-0.12142023442;0.134411097092;0.0755001481372;-0.195731096157;-0.0366954734587;-0.0345768454999;-0.058103042216;0.0723168028141;0.0390370772811;-0.131647095128;0.0381773276391;0.0130975944522;0.0545427665124;-0.0108403784422;-0.100608014217;-0.0740935499806;0.00824690142794;-0.215700976276;-0.0168871435084;-0.0186261793614;-0.0367568900554;0.0563010229126;0.0219131646415;0.147772668114;0.0905527549703;0.0183653001077;0.191609085759;0.175115739794;0.240056991849;0.10683778601;-0.0343371600657;-0.145424366076;-0.00614391197662;-0.0400366857181;0.00607945236852;-0.107750677484;-0.0958735055912;-0.166533150975;0.0878432050618;0.0878035315355;-0.076210835888;-0.125141396444;-0.0182803773558;-0.102236615161;-0.0214520441602;0.00742268614209;0.0409437681353;0.107000228413;-0.242355347924;0.0372445264172;-0.0304370247349;-0.125930561347;-0.134654729139;0.282341973268;-0.0506338274841;-0.0964738418897;-0.0964958191067
